ID,order
video_5611,"[66, 65, 11, 63, 62, 2, 60, 59, 58, 57, 95, 55, 54, 53, 52, 51, 50, 49, 48, 47, 46, 45, 44, 43, 42, 56, 40, 39, 38, 37, 36, 35, 34, 33, 32, 31, 30, 29, 28, 27, 26, 25, 24, 41, 22, 21, 20, 19, 18, 17, 16, 15, 14, 13, 12, 61, 10, 9, 8, 7, 6, 5, 4, 3, 64, 1, 67, 68, 69, 70, 71, 72, 73, 74, 75, 76, 77, 78, 79, 80, 81, 82, 83, 84, 85, 86, 87, 88, 89, 90, 91, 92, 93, 94, 23, 96, 97, 98, 99, 100]"
video_5612,"[82, 81, 80, 79, 78, 77, 76, 75, 74, 30, 72, 71, 70, 69, 40, 105, 73, 65, 64, 117, 62, 103, 60, 59, 58, 57, 56, 55, 54, 53, 52, 51, 50, 49, 48, 45, 47, 46, 44, 43, 122, 121, 120, 119, 118, 116, 68, 115, 114, 113, 112, 110, 111, 109, 108, 107, 106, 67, 104, 61, 102, 98, 101, 100, 99, 97, 96, 95, 94, 93, 92, 91, 90, 89, 88, 87, 86, 85, 84, 83, 42, 41, 63, 39, 38, 37, 36, 35, 34, 33, 32, 31, 66, 29, 28, 27, 26, 25, 24, 23, 22, 21, 20, 19, 18, 17, 16, 15, 14, 13, 12, 11, 10, 9, 8, 7, 6, 5, 4, 3, 2, 1]"
video_5613,"[49, 50, 51, 52, 53, 54, 55, 56, 57, 58, 59, 60, 61, 62, 63, 64, 65, 66, 67, 68, 69, 70, 71, 72, 48, 47, 46, 45, 44, 43, 42, 41, 40, 39, 38, 37, 36, 35, 34, 33, 32, 31, 30, 29, 28, 27, 26, 25, 24, 19, 22, 23, 20, 21, 18, 17, 16, 15, 14, 13, 12, 11, 10, 9, 8, 7, 94, 5, 4, 3, 2, 1, 73, 75, 74, 76, 78, 77, 79, 80, 81, 82, 83, 84, 86, 85, 87, 88, 89, 6, 91, 92, 93, 90, 95, 96, 97]"
video_5614,"[142, 139, 133, 123, 129, 124, 138, 134, 137, 128, 127, 126, 125, 135, 136, 145, 144, 146, 43, 41, 42, 52, 92, 13, 60, 61, 70, 69, 71, 11, 68, 59, 72, 53, 44, 147, 143, 148, 40, 39, 45, 54, 63, 58, 64, 73, 76, 75, 74, 67, 65, 66, 57, 56, 47, 48, 55, 49, 46, 38, 150, 149, 141, 140, 131, 130, 132, 122, 121, 120, 35, 34, 62, 37, 119, 114, 118, 117, 36, 115, 29, 30, 28, 31, 32, 27, 33, 26, 25, 24, 23, 16, 22, 21, 20, 18, 19, 8, 9, 10, 51, 17, 12, 7, 6, 15, 14, 107, 5, 4, 3, 82, 50, 84, 81, 80, 2, 1, 77, 79, 78, 89, 88, 87, 90, 86, 85, 91, 83, 93, 94, 95, 96, 103, 97, 98, 102, 99, 101, 100, 113, 112, 111, 110, 109, 108, 116, 106, 105, 104]"
video_5615,"[13, 28, 27, 26, 29, 24, 23, 22, 21, 20, 19, 18, 17, 16, 14, 15, 25, 12, 11, 10, 9, 8, 7, 6, 5, 4, 3, 2, 1, 58, 57, 56, 55, 54, 53, 52, 51, 50, 49, 47, 48, 46, 45, 44, 43, 42, 41, 40, 39, 38, 37, 36, 35, 34, 92, 32, 31, 30, 118, 117, 116, 115, 114, 113, 112, 111, 110, 109, 108, 107, 106, 105, 104, 103, 102, 101, 61, 99, 98, 97, 96, 95, 94, 93, 33, 91, 90, 59, 60, 100, 62, 63, 64, 65, 66, 67, 68, 69, 70, 71, 72, 73, 74, 75, 76, 77, 78, 79, 80, 81, 82, 83, 84, 85, 86, 87, 88, 89]"
video_5616,"[70, 69, 68, 67, 66, 65, 64, 63, 62, 61, 60, 59, 58, 57, 56, 55, 54, 17, 16, 15, 14, 13, 12, 11, 10, 9, 8, 7, 6, 5, 4, 3, 19, 1, 53, 52, 51, 50, 49, 48, 47, 46, 45, 44, 43, 42, 18, 40, 39, 2, 37, 41, 38, 20, 21, 22, 23, 24, 25, 26, 27, 28, 29, 30, 31, 32, 33, 34, 35, 36]"
video_5617,"[1, 2, 3, 116, 5, 6, 7, 8, 9, 10, 4, 12, 13, 14, 15, 16, 17, 18, 19, 20, 107, 22, 23, 24, 68, 21, 27, 28, 29, 30, 31, 32, 33, 34, 35, 36, 37, 38, 39, 40, 41, 42, 43, 44, 45, 46, 47, 48, 49, 50, 51, 52, 53, 54, 55, 56, 57, 58, 59, 60, 62, 61, 124, 123, 122, 121, 120, 119, 118, 117, 11, 115, 114, 113, 112, 111, 110, 109, 108, 26, 106, 105, 104, 103, 102, 101, 100, 99, 98, 97, 96, 95, 94, 93, 92, 91, 90, 89, 88, 87, 86, 85, 84, 83, 82, 81, 79, 80, 78, 77, 76, 75, 74, 73, 72, 71, 70, 69, 25, 67, 66, 65, 64, 63]"
video_5618,"[65, 41, 67, 68, 69, 70, 71, 72, 73, 74, 75, 76, 77, 78, 79, 80, 81, 82, 83, 84, 85, 33, 34, 39, 36, 37, 38, 35, 40, 87, 42, 43, 44, 45, 46, 47, 48, 101, 100, 99, 98, 97, 96, 95, 94, 93, 92, 91, 90, 89, 88, 66, 86, 16, 15, 14, 13, 12, 2, 10, 9, 8, 7, 6, 5, 4, 3, 11, 1, 32, 31, 30, 29, 28, 27, 26, 25, 24, 23, 22, 21, 20, 19, 18, 17, 49, 50, 51, 52, 53, 54, 55, 56, 57, 58, 59, 60, 61, 62, 63, 64]"
video_5619,"[85, 84, 83, 82, 81, 80, 79, 78, 77, 76, 75, 74, 73, 12, 72, 70, 69, 68, 67, 66, 65, 64, 63, 62, 61, 60, 59, 58, 1, 2, 3, 4, 5, 6, 7, 8, 9, 10, 71, 44, 13, 14, 15, 16, 17, 18, 19, 20, 21, 22, 23, 24, 25, 26, 27, 28, 86, 87, 89, 88, 90, 91, 92, 93, 94, 95, 96, 97, 98, 11, 100, 101, 102, 103, 104, 105, 106, 107, 108, 109, 110, 111, 112, 113, 57, 56, 55, 54, 53, 52, 51, 50, 49, 48, 47, 46, 45, 99, 43, 42, 41, 40, 39, 38, 37, 36, 35, 34, 33, 32, 31, 30, 29]"
video_5620,"[81, 82, 83, 67, 89, 86, 87, 88, 13, 90, 91, 92, 93, 94, 12, 96, 97, 98, 99, 100, 101, 20, 19, 18, 17, 16, 15, 14, 85, 74, 11, 10, 9, 8, 7, 6, 5, 4, 3, 2, 1, 80, 79, 78, 95, 76, 75, 32, 73, 72, 71, 70, 68, 69, 77, 66, 65, 64, 63, 62, 61, 41, 42, 43, 44, 45, 46, 47, 48, 49, 50, 51, 52, 53, 54, 55, 56, 57, 58, 59, 60, 21, 22, 23, 24, 25, 26, 27, 28, 29, 30, 31, 84, 33, 34, 35, 36, 37, 38, 39, 40]"
video_5621,"[90, 56, 55, 54, 53, 52, 51, 50, 49, 48, 47, 46, 45, 44, 43, 42, 100, 40, 39, 38, 37, 36, 35, 34, 33, 32, 8, 30, 29, 28, 27, 26, 25, 24, 23, 22, 21, 20, 19, 18, 17, 16, 15, 14, 13, 12, 11, 10, 9, 6, 7, 31, 5, 4, 3, 2, 1, 85, 84, 83, 82, 81, 80, 79, 78, 77, 76, 75, 74, 73, 72, 71, 70, 69, 68, 67, 66, 65, 64, 63, 87, 61, 60, 59, 58, 114, 115, 116, 117, 118, 119, 120, 121, 122, 128, 62, 125, 126, 127, 104, 129, 130, 131, 132, 133, 134, 135, 136, 137, 138, 139, 140, 141, 113, 112, 111, 110, 109, 108, 107, 106, 105, 123, 103, 102, 101, 41, 99, 98, 97, 96, 95, 94, 93, 92, 91, 57, 89, 88, 124, 86]"
video_5622,"[82, 38, 39, 42, 40, 41, 43, 73, 45, 46, 47, 48, 49, 50, 51, 52, 53, 54, 55, 56, 57, 58, 59, 60, 61, 62, 63, 64, 65, 103, 67, 68, 91, 70, 71, 72, 1, 2, 3, 4, 5, 6, 7, 8, 9, 106, 11, 12, 13, 14, 15, 16, 17, 18, 19, 20, 21, 22, 23, 24, 25, 26, 27, 28, 29, 30, 31, 32, 33, 34, 35, 36, 110, 109, 108, 107, 44, 105, 104, 75, 102, 101, 100, 99, 98, 97, 96, 95, 94, 93, 92, 66, 90, 89, 88, 87, 86, 85, 84, 83, 10, 81, 80, 79, 78, 77, 76, 69, 74, 37]"
video_5623,"[38, 37, 36, 35, 34, 50, 52, 54, 53, 51, 49, 48, 1, 3, 45, 44, 43, 42, 41, 39, 40, 33, 31, 32, 30, 29, 28, 27, 26, 25, 24, 23, 22, 21, 20, 19, 75, 76, 77, 78, 79, 80, 81, 82, 83, 84, 85, 86, 87, 88, 89, 90, 91, 92, 18, 17, 16, 15, 14, 13, 46, 47, 10, 9, 8, 7, 6, 5, 4, 12, 11, 65, 55, 56, 57, 58, 59, 60, 61, 62, 63, 64, 2, 66, 67, 68, 69, 70, 71, 72, 73, 74]"
video_5624,"[1, 2, 3, 4, 5, 6, 7, 8, 9, 10, 11, 12, 13, 45, 15, 16, 17, 18, 19, 20, 21, 22, 23, 24, 25, 26, 27, 28, 29, 91, 92, 93, 94, 95, 96, 57, 98, 99, 100, 101, 102, 103, 104, 105, 106, 107, 108, 109, 110, 111, 112, 113, 114, 115, 116, 117, 118, 119, 30, 31, 32, 33, 34, 35, 36, 89, 38, 39, 40, 41, 42, 43, 44, 14, 46, 47, 48, 49, 50, 51, 52, 53, 54, 55, 56, 97, 58, 59, 60, 61, 62, 63, 64, 65, 66, 67, 68, 69, 70, 71, 72, 73, 74, 75, 76, 77, 78, 79, 80, 81, 82, 83, 84, 85, 86, 87, 88, 37, 90]"
video_5625,"[105, 106, 107, 108, 109, 110, 111, 112, 113, 114, 115, 116, 117, 118, 92, 120, 121, 122, 123, 124, 125, 126, 127, 128, 129, 130, 26, 25, 24, 23, 22, 21, 20, 19, 18, 68, 16, 15, 14, 13, 12, 11, 10, 9, 119, 7, 6, 5, 4, 3, 2, 1, 79, 80, 81, 82, 83, 84, 85, 86, 87, 88, 89, 90, 91, 60, 93, 94, 95, 96, 97, 98, 99, 100, 101, 102, 103, 104, 52, 51, 50, 49, 48, 47, 46, 45, 37, 43, 42, 41, 40, 39, 38, 8, 36, 35, 34, 33, 32, 31, 30, 29, 28, 27, 78, 77, 76, 75, 74, 73, 72, 71, 70, 69, 56, 67, 66, 65, 64, 63, 62, 61, 44, 59, 58, 57, 17, 55, 54, 53]"
video_5626,"[81, 80, 79, 78, 77, 76, 75, 74, 73, 72, 43, 86, 69, 68, 67, 66, 65, 64, 63, 62, 61, 60, 59, 58, 57, 56, 55, 54, 53, 52, 51, 50, 49, 48, 47, 46, 45, 44, 32, 42, 41, 82, 83, 84, 85, 11, 87, 70, 89, 90, 91, 92, 93, 94, 95, 96, 97, 98, 100, 88, 101, 1, 2, 3, 4, 5, 6, 7, 8, 9, 10, 99, 12, 13, 14, 15, 16, 17, 18, 19, 20, 40, 39, 38, 37, 36, 35, 34, 33, 71, 31, 30, 29, 28, 27, 26, 25, 24, 23, 22, 21]"
video_5627,"[52, 40, 39, 38, 31, 33, 34, 37, 36, 32, 7, 30, 29, 50, 51, 49, 46, 48, 47, 45, 44, 43, 42, 41, 76, 75, 74, 73, 72, 71, 70, 69, 68, 67, 65, 66, 17, 18, 19, 20, 21, 22, 23, 24, 25, 26, 27, 28, 64, 63, 62, 61, 60, 59, 58, 57, 56, 55, 54, 53, 1, 3, 2, 4, 5, 6, 35, 8, 9, 10, 11, 12, 13, 16, 14, 15]"
video_5628,"[1, 2, 96, 4, 5, 6, 7, 8, 9, 10, 11, 12, 13, 14, 15, 16, 17, 18, 19, 20, 21, 22, 23, 24, 25, 26, 104, 72, 71, 70, 69, 68, 67, 66, 65, 64, 63, 48, 61, 60, 59, 58, 57, 56, 55, 54, 53, 79, 80, 81, 41, 83, 84, 85, 86, 87, 88, 89, 90, 91, 92, 93, 94, 95, 50, 97, 98, 99, 100, 101, 102, 103, 52, 51, 3, 49, 62, 47, 46, 45, 44, 43, 42, 82, 40, 39, 38, 37, 36, 35, 34, 33, 32, 31, 30, 29, 28, 27, 78, 77, 76, 75, 74, 73]"
video_5629,"[41, 40, 39, 38, 37, 36, 35, 34, 33, 32, 31, 12, 13, 11, 10, 9, 8, 7, 6, 5, 4, 3, 2, 1, 55, 56, 57, 30, 51, 59, 60, 61, 62, 63, 64, 65, 66, 67, 14, 15, 16, 17, 18, 19, 20, 21, 22, 23, 24, 25, 26, 42, 43, 44, 45, 46, 47, 48, 49, 50, 58, 52, 53, 54, 27, 28, 29]"
video_5630,"[69, 70, 21, 72, 73, 74, 75, 76, 77, 78, 79, 80, 81, 82, 83, 84, 85, 53, 52, 51, 50, 63, 64, 65, 66, 67, 68, 34, 33, 32, 31, 30, 44, 28, 27, 26, 71, 24, 23, 20, 102, 22, 49, 48, 47, 46, 45, 98, 43, 42, 41, 40, 39, 29, 37, 36, 35, 103, 25, 101, 100, 99, 38, 97, 96, 95, 94, 86, 87, 93, 92, 88, 89, 91, 90, 57, 58, 59, 56, 60, 55, 54, 61, 62, 19, 18, 17, 16, 15, 14, 13, 12, 11, 10, 9, 8, 7, 6, 5, 4, 3, 2, 1]"
video_5631,"[50, 49, 48, 47, 46, 45, 44, 43, 41, 40, 39, 38, 37, 36, 35, 34, 33, 98, 97, 96, 95, 42, 94, 93, 32, 91, 90, 89, 88, 87, 86, 85, 84, 83, 16, 15, 14, 13, 12, 11, 10, 9, 8, 7, 6, 5, 4, 3, 2, 1, 66, 65, 64, 63, 62, 61, 60, 59, 58, 24, 56, 55, 54, 53, 52, 51, 92, 31, 30, 29, 28, 27, 26, 25, 57, 23, 22, 21, 20, 19, 18, 17, 82, 81, 80, 79, 78, 77, 76, 75, 74, 73, 72, 71, 70, 69, 68, 67]"
video_5632,"[68, 67, 66, 65, 64, 63, 62, 61, 60, 59, 58, 57, 56, 55, 54, 53, 52, 51, 50, 49, 48, 47, 46, 45, 44, 43, 42, 41, 40, 39, 38, 37, 36, 35, 34, 101, 96, 99, 98, 97, 29, 95, 94, 93, 92, 91, 90, 89, 88, 87, 86, 85, 84, 83, 82, 81, 80, 79, 78, 77, 76, 75, 74, 73, 72, 71, 70, 69, 33, 32, 7, 30, 100, 28, 27, 26, 25, 24, 23, 22, 21, 20, 19, 18, 17, 16, 15, 14, 13, 12, 31, 10, 9, 8, 11, 6, 5, 4, 3, 2, 1]"
video_5633,"[64, 63, 62, 61, 60, 59, 58, 57, 56, 55, 54, 53, 52, 51, 50, 30, 48, 47, 46, 45, 44, 49, 42, 41, 40, 39, 38, 37, 36, 35, 34, 33, 32, 31, 43, 29, 28, 27, 26, 25, 24, 23, 22, 21, 20, 19, 18, 17, 16, 15, 14, 13, 12, 81, 83, 9, 8, 7, 6, 5, 4, 3, 2, 1, 65, 66, 67, 68, 69, 70, 71, 72, 73, 74, 75, 76, 77, 78, 79, 80, 11, 82, 128, 84, 85, 86, 87, 88, 89, 90, 91, 92, 93, 94, 95, 96, 97, 98, 99, 100, 101, 102, 113, 112, 103, 104, 105, 106, 107, 108, 109, 110, 111, 10, 129, 127, 126, 125, 124, 123, 122, 121, 120, 119, 118, 117, 116, 115, 114]"
video_5634,"[77, 1, 3, 4, 5, 6, 7, 8, 9, 10, 11, 12, 13, 2, 15, 16, 17, 18, 19, 20, 21, 22, 23, 24, 48, 47, 46, 45, 131, 42, 43, 41, 40, 39, 36, 38, 37, 35, 34, 33, 32, 27, 28, 29, 30, 31, 65, 66, 67, 68, 69, 26, 25, 72, 71, 70, 64, 63, 62, 61, 60, 59, 58, 57, 56, 55, 54, 53, 52, 51, 50, 49, 126, 127, 128, 129, 130, 44, 132, 133, 134, 135, 136, 137, 138, 139, 140, 141, 142, 102, 144, 145, 146, 147, 148, 149, 74, 103, 104, 105, 106, 107, 108, 109, 110, 111, 112, 113, 114, 115, 116, 117, 118, 119, 120, 121, 122, 123, 124, 125, 101, 100, 99, 98, 97, 96, 95, 94, 93, 92, 91, 90, 89, 88, 87, 86, 85, 84, 83, 82, 14, 80, 79, 78, 81, 76, 75, 143, 73]"
video_5635,"[43, 42, 41, 40, 39, 38, 37, 36, 35, 34, 33, 32, 31, 30, 29, 28, 27, 26, 25, 24, 23, 22, 21, 20, 19, 18, 17, 16, 15, 14, 13, 12, 11, 10, 9, 8, 7, 6, 5, 4, 67, 2, 68, 86, 85, 84, 83, 82, 81, 80, 69, 1, 3, 66, 65, 64, 63, 62, 61, 60, 44, 45, 56, 59, 58, 57, 46, 55, 49, 54, 50, 53, 52, 51, 74, 75, 76, 77, 78, 79, 73, 72, 71, 70, 48, 47]"
video_5636,"[46, 45, 44, 43, 42, 41, 40, 39, 38, 37, 36, 35, 34, 33, 32, 31, 30, 29, 28, 27, 26, 25, 24, 1, 2, 3, 4, 73, 6, 7, 8, 9, 10, 11, 54, 13, 14, 15, 16, 17, 18, 19, 20, 21, 22, 23, 47, 48, 49, 50, 51, 52, 53, 12, 55, 56, 57, 58, 59, 60, 61, 62, 63, 64, 65, 66, 67, 68, 69, 70, 71, 72, 5, 74, 77, 76, 75, 78, 79, 80, 81, 82, 83, 84, 85, 86, 87, 88, 89, 90, 91, 92, 93, 94]"
video_5637,"[91, 58, 1, 2, 64, 48, 5, 6, 7, 8, 9, 10, 11, 78, 13, 14, 15, 16, 17, 18, 19, 20, 21, 22, 23, 24, 25, 26, 87, 54, 37, 69, 53, 86, 38, 70, 52, 85, 71, 39, 40, 72, 51, 84, 83, 36, 68, 27, 88, 55, 28, 67, 35, 89, 56, 29, 66, 90, 57, 30, 65, 34, 31, 62, 63, 3, 33, 61, 60, 59, 92, 93, 32, 45, 46, 44, 77, 12, 76, 79, 47, 43, 75, 80, 4, 42, 74, 49, 81, 82, 50, 73, 41]"
video_5638,"[41, 42, 43, 44, 45, 46, 47, 48, 26, 50, 51, 52, 53, 54, 55, 56, 57, 58, 59, 60, 61, 62, 63, 64, 65, 66, 67, 69, 68, 70, 71, 72, 73, 74, 75, 76, 77, 78, 79, 40, 39, 38, 37, 36, 35, 34, 33, 32, 31, 30, 29, 28, 27, 49, 25, 24, 23, 22, 21, 20, 19, 18, 17, 16, 15, 14, 13, 12, 11, 10, 9, 8, 7, 6, 5, 4, 3, 2, 1]"
video_5639,"[102, 101, 100, 99, 98, 97, 96, 95, 94, 93, 92, 91, 30, 29, 28, 27, 26, 25, 24, 23, 22, 52, 20, 19, 18, 17, 16, 12, 15, 14, 13, 31, 32, 33, 34, 35, 36, 37, 38, 39, 40, 41, 21, 43, 44, 45, 46, 47, 48, 49, 50, 51, 42, 53, 54, 55, 56, 57, 58, 59, 60, 1, 2, 8, 9, 10, 11, 7, 6, 5, 4, 3, 103, 104, 105, 106, 107, 108, 109, 110, 111, 112, 113, 74, 115, 116, 117, 118, 119, 120, 150, 149, 148, 147, 146, 145, 139, 143, 142, 141, 140, 144, 138, 137, 136, 135, 134, 133, 132, 131, 130, 129, 128, 127, 126, 125, 124, 123, 122, 121, 61, 62, 63, 64, 65, 66, 67, 68, 69, 70, 71, 72, 73, 114, 75, 76, 77, 78, 79, 80, 81, 82, 83, 84, 85, 86, 87, 88, 89, 90]"
video_5640,"[33, 53, 54, 55, 56, 57, 58, 95, 60, 61, 62, 63, 64, 65, 66, 67, 68, 69, 70, 71, 72, 73, 90, 89, 88, 36, 86, 52, 84, 83, 82, 81, 80, 79, 78, 77, 76, 87, 74, 34, 85, 32, 31, 30, 29, 28, 27, 26, 25, 24, 23, 22, 21, 20, 19, 18, 107, 106, 105, 104, 103, 102, 101, 100, 99, 98, 97, 96, 59, 94, 93, 92, 91, 35, 75, 37, 38, 39, 40, 41, 42, 43, 44, 45, 46, 47, 48, 49, 50, 51, 17, 16, 15, 14, 13, 12, 11, 10, 9, 8, 7, 6, 5, 4, 3, 2, 1]"
video_5641,"[1, 2, 3, 4, 5, 6, 7, 103, 9, 10, 11, 12, 13, 14, 15, 16, 17, 18, 19, 20, 21, 22, 65, 24, 25, 26, 27, 28, 29, 30, 31, 32, 33, 34, 35, 36, 37, 38, 39, 40, 41, 89, 43, 44, 45, 46, 47, 48, 49, 50, 51, 52, 53, 54, 55, 56, 57, 58, 59, 60, 61, 62, 63, 64, 8, 66, 67, 68, 69, 70, 71, 72, 73, 74, 75, 76, 77, 78, 79, 80, 81, 85, 83, 84, 42, 86, 87, 88, 82, 90, 91, 92, 93, 94, 95, 96, 97, 98, 99, 100, 101, 102, 23, 104, 105]"
video_5642,"[26, 31, 32, 33, 34, 35, 36, 37, 38, 39, 40, 50, 99, 98, 97, 96, 95, 94, 93, 108, 91, 90, 89, 88, 87, 86, 85, 84, 83, 82, 81, 80, 79, 78, 77, 76, 75, 74, 73, 117, 71, 53, 69, 68, 67, 66, 65, 64, 63, 62, 122, 60, 59, 58, 57, 56, 55, 54, 149, 52, 51, 100, 49, 48, 47, 46, 45, 44, 43, 42, 41, 30, 29, 28, 27, 25, 24, 23, 22, 21, 20, 19, 18, 17, 16, 15, 14, 13, 12, 11, 10, 9, 8, 7, 6, 5, 4, 61, 2, 1, 101, 102, 103, 104, 105, 106, 107, 92, 109, 110, 111, 112, 113, 114, 115, 3, 118, 72, 119, 120, 121, 116, 123, 124, 125, 126, 127, 128, 129, 130, 131, 132, 133, 134, 135, 136, 137, 138, 139, 140, 141, 142, 143, 144, 145, 146, 147, 148, 70, 150]"
video_5643,"[3, 2, 1, 67, 68, 69, 70, 71, 26, 5, 4, 7, 8, 9, 10, 11, 12, 13, 14, 15, 82, 17, 16, 19, 22, 23, 27, 28, 72, 88, 74, 75, 76, 79, 83, 84, 85, 39, 56, 47, 48, 49, 41, 40, 57, 58, 59, 60, 61, 62, 63, 65, 66, 64, 30, 31, 35, 50, 42, 36, 51, 43, 44, 52, 53, 45, 37, 54, 46, 55, 38, 6, 133, 81, 86, 87, 113, 89, 90, 91, 96, 101, 105, 106, 107, 111, 112, 117, 118, 122, 124, 130, 131, 98, 132, 129, 128, 125, 126, 127, 123, 121, 120, 119, 116, 115, 114, 80, 110, 109, 108, 95, 94, 93, 100, 99, 92, 18, 97, 104, 103, 102, 78, 77, 33, 32, 34, 29, 73, 25, 24, 21, 20]"
video_5644,"[49, 50, 51, 52, 53, 54, 55, 56, 57, 58, 59, 60, 61, 62, 63, 64, 65, 66, 67, 68, 69, 70, 71, 72, 25, 26, 27, 28, 29, 30, 31, 32, 33, 34, 35, 36, 37, 38, 39, 40, 97, 9, 43, 44, 45, 46, 47, 48, 24, 23, 22, 21, 20, 19, 18, 17, 16, 15, 14, 13, 12, 11, 10, 42, 8, 7, 6, 5, 4, 3, 2, 1, 73, 74, 75, 76, 77, 78, 79, 80, 81, 82, 83, 84, 85, 86, 87, 88, 89, 90, 91, 92, 93, 94, 95, 96, 41]"
video_5645,"[85, 84, 83, 82, 81, 80, 79, 78, 77, 76, 75, 74, 98, 70, 1, 2, 3, 4, 5, 6, 7, 8, 9, 99, 11, 12, 13, 14, 15, 16, 17, 18, 19, 20, 21, 22, 23, 24, 25, 26, 27, 28, 29, 30, 31, 32, 33, 34, 35, 36, 89, 88, 90, 118, 92, 93, 94, 117, 96, 97, 133, 52, 101, 135, 134, 110, 132, 131, 130, 129, 128, 127, 126, 125, 124, 123, 122, 121, 120, 119, 91, 95, 116, 115, 114, 113, 112, 111, 59, 109, 108, 107, 10, 105, 69, 68, 67, 66, 64, 61, 60, 73, 58, 57, 56, 55, 54, 53, 106, 51, 50, 49, 48, 47, 46, 45, 44, 43, 42, 41, 40, 39, 38, 37, 103, 63, 62, 102, 87, 86, 72, 71, 100, 104, 65]"
video_5646,"[51, 50, 49, 48, 47, 46, 45, 44, 43, 42, 41, 40, 39, 38, 37, 3, 35, 34, 33, 32, 31, 30, 29, 28, 27, 26, 25, 24, 23, 22, 21, 20, 19, 18, 17, 16, 15, 14, 13, 12, 11, 69, 9, 8, 7, 6, 5, 4, 10, 2, 1, 101, 100, 99, 98, 97, 96, 95, 94, 93, 92, 91, 90, 89, 88, 87, 86, 85, 84, 83, 66, 81, 80, 79, 78, 72, 76, 75, 74, 73, 82, 71, 70, 36, 68, 67, 77, 65, 64, 63, 62, 61, 60, 59, 58, 57, 56, 55, 54, 53, 52]"
video_5647,"[1, 2, 73, 4, 5, 6, 7, 8, 9, 10, 11, 12, 13, 14, 15, 28, 17, 18, 19, 20, 84, 83, 82, 81, 80, 79, 78, 77, 76, 75, 74, 65, 72, 71, 23, 16, 68, 67, 66, 61, 104, 103, 102, 101, 100, 99, 98, 97, 96, 95, 94, 70, 92, 91, 90, 89, 88, 87, 86, 85, 21, 22, 69, 24, 25, 26, 27, 45, 29, 30, 31, 32, 33, 34, 35, 36, 37, 38, 39, 40, 105, 106, 107, 108, 109, 110, 111, 112, 113, 114, 115, 116, 117, 118, 119, 120, 121, 122, 123, 124, 41, 42, 43, 44, 93, 46, 3, 48, 49, 50, 51, 52, 53, 54, 55, 56, 57, 58, 59, 60, 47, 62, 63, 64]"
video_5648,"[40, 41, 42, 39, 44, 45, 46, 47, 48, 49, 50, 51, 52, 53, 54, 55, 56, 57, 58, 59, 60, 61, 26, 63, 64, 65, 66, 67, 68, 69, 70, 71, 72, 73, 74, 75, 76, 77, 78, 79, 80, 81, 82, 83, 84, 85, 86, 87, 88, 89, 90, 91, 92, 95, 94, 99, 96, 97, 98, 93, 100, 101, 102, 103, 104, 105, 106, 107, 108, 109, 24, 111, 112, 113, 114, 115, 116, 117, 43, 38, 37, 36, 35, 34, 33, 32, 31, 30, 29, 28, 27, 62, 25, 110, 23, 22, 21, 20, 19, 18, 17, 16, 15, 14, 13, 12, 11, 10, 9, 8, 7, 6, 5, 4, 3, 2, 1]"
video_5649,"[74, 75, 103, 77, 78, 79, 80, 81, 82, 83, 84, 85, 86, 87, 88, 89, 11, 91, 92, 93, 94, 95, 96, 97, 98, 99, 100, 101, 102, 126, 104, 105, 106, 107, 108, 109, 110, 111, 112, 113, 114, 115, 116, 117, 118, 119, 120, 121, 122, 123, 124, 125, 141, 66, 128, 129, 130, 131, 132, 36, 134, 135, 136, 137, 138, 139, 140, 76, 142, 90, 144, 145, 1, 2, 3, 4, 5, 6, 7, 8, 9, 10, 47, 12, 13, 14, 15, 16, 17, 18, 19, 20, 21, 22, 23, 24, 25, 26, 27, 28, 29, 30, 31, 32, 33, 34, 35, 133, 37, 38, 39, 40, 143, 42, 43, 44, 45, 46, 61, 48, 49, 50, 51, 52, 53, 54, 55, 56, 57, 58, 59, 60, 41, 62, 63, 64, 65, 127, 67, 68, 69, 70, 71, 72, 73]"
video_5650,"[108, 107, 106, 105, 104, 103, 102, 101, 100, 99, 98, 37, 96, 94, 95, 93, 92, 91, 90, 89, 88, 87, 86, 85, 84, 83, 82, 81, 80, 79, 78, 77, 76, 52, 74, 73, 72, 71, 70, 69, 68, 67, 66, 64, 65, 63, 62, 61, 60, 59, 58, 57, 56, 54, 55, 53, 75, 51, 50, 49, 48, 47, 46, 45, 44, 43, 42, 97, 39, 40, 38, 41, 36, 34, 35, 33, 32, 31, 29, 30, 28, 23, 27, 25, 24, 26, 1, 2, 3, 4, 5, 6, 7, 8, 10, 9, 11, 12, 13, 15, 14, 16, 17, 18, 20, 19, 21, 22]"
video_5651,"[56, 55, 3, 4, 5, 6, 7, 8, 9, 10, 11, 12, 13, 14, 15, 16, 17, 18, 19, 20, 60, 110, 58, 57, 41, 112, 54, 53, 52, 51, 50, 49, 48, 47, 46, 2, 44, 43, 42, 86, 40, 39, 38, 37, 36, 35, 34, 33, 32, 31, 30, 29, 28, 27, 26, 25, 24, 23, 22, 21, 81, 82, 83, 84, 85, 105, 87, 88, 89, 90, 91, 92, 93, 94, 95, 96, 97, 98, 99, 100, 120, 119, 118, 117, 116, 115, 114, 113, 45, 111, 1, 109, 108, 107, 106, 59, 104, 103, 102, 101, 61, 62, 63, 64, 65, 66, 67, 68, 69, 70, 71, 72, 73, 74, 75, 76, 77, 78, 79, 80]"
video_5652,"[87, 97, 98, 99, 100, 101, 102, 103, 104, 105, 106, 107, 108, 109, 110, 111, 112, 113, 114, 115, 116, 117, 38, 37, 36, 35, 34, 33, 67, 32, 30, 29, 28, 27, 26, 25, 24, 23, 22, 21, 20, 95, 94, 93, 92, 91, 90, 89, 88, 31, 86, 85, 84, 83, 82, 81, 80, 79, 78, 77, 19, 18, 17, 16, 15, 14, 13, 12, 11, 10, 9, 8, 7, 6, 5, 4, 3, 2, 1, 39, 40, 55, 96, 43, 44, 45, 46, 47, 48, 49, 41, 51, 52, 53, 54, 71, 56, 57, 58, 59, 60, 61, 62, 63, 64, 65, 66, 42, 68, 69, 70, 50, 72, 73, 74, 75, 76]"
video_5653,"[108, 109, 110, 111, 112, 113, 114, 115, 116, 80, 118, 119, 120, 121, 122, 123, 124, 125, 126, 127, 128, 66, 67, 68, 69, 70, 71, 72, 73, 74, 45, 76, 77, 78, 79, 52, 81, 82, 83, 84, 85, 86, 1, 2, 3, 4, 5, 6, 7, 8, 9, 10, 11, 12, 13, 14, 15, 16, 17, 18, 19, 20, 21, 87, 88, 75, 90, 91, 92, 93, 94, 95, 96, 97, 98, 99, 100, 101, 102, 103, 104, 105, 48, 107, 42, 41, 40, 39, 38, 37, 36, 35, 34, 33, 32, 106, 30, 29, 28, 27, 26, 25, 24, 23, 22, 65, 64, 63, 89, 61, 60, 59, 58, 57, 56, 55, 54, 53, 31, 51, 50, 49, 117, 47, 46, 62, 44, 43]"
video_5654,"[84, 85, 86, 87, 88, 89, 90, 91, 92, 110, 75, 50, 51, 52, 53, 54, 55, 56, 76, 58, 59, 60, 61, 62, 48, 47, 46, 63, 64, 45, 44, 65, 66, 43, 14, 13, 12, 108, 11, 107, 106, 105, 104, 103, 102, 101, 100, 99, 94, 95, 96, 98, 97, 3, 1, 2, 4, 5, 6, 7, 8, 9, 10, 109, 67, 57, 93, 42, 41, 68, 83, 16, 29, 28, 27, 26, 25, 24, 20, 21, 22, 23, 74, 15, 78, 77, 49, 34, 35, 36, 33, 32, 37, 31, 30, 38, 79, 73, 72, 19, 17, 18, 80, 81, 71, 70, 69, 82, 40, 39]"
video_5655,"[53, 54, 55, 56, 57, 58, 59, 60, 61, 62, 63, 64, 66, 65, 67, 68, 69, 70, 71, 72, 73, 74, 75, 50, 77, 78, 79, 80, 1, 2, 3, 4, 5, 6, 7, 8, 9, 10, 11, 12, 13, 14, 15, 16, 17, 18, 39, 20, 21, 22, 23, 24, 25, 26, 52, 51, 76, 49, 48, 47, 46, 45, 44, 43, 42, 41, 40, 19, 38, 37, 36, 35, 34, 33, 32, 31, 30, 29, 28, 27]"
video_5656,"[120, 40, 118, 117, 116, 115, 114, 113, 112, 111, 110, 109, 108, 104, 106, 105, 30, 103, 102, 100, 101, 99, 98, 97, 107, 95, 94, 93, 92, 91, 90, 88, 89, 58, 57, 56, 55, 54, 53, 52, 51, 50, 49, 48, 46, 47, 45, 44, 43, 1, 41, 145, 39, 38, 37, 36, 34, 35, 33, 32, 31, 96, 42, 2, 3, 4, 5, 6, 7, 8, 9, 10, 11, 12, 13, 14, 15, 16, 17, 18, 19, 20, 21, 22, 23, 24, 25, 26, 27, 29, 28, 121, 122, 123, 124, 125, 126, 127, 128, 129, 130, 131, 132, 134, 133, 135, 136, 137, 138, 139, 140, 141, 142, 143, 144, 73, 146, 147, 148, 149, 59, 60, 61, 62, 63, 64, 65, 66, 67, 68, 69, 70, 71, 72, 119, 74, 75, 76, 77, 78, 79, 80, 81, 82, 83, 84, 85, 86, 87]"
video_5657,"[10, 11, 12, 28, 27, 26, 25, 24, 9, 23, 22, 8, 7, 39, 38, 6, 37, 5, 40, 32, 1, 2, 33, 34, 3, 35, 4, 36, 31, 41, 21, 42, 20, 43, 19, 44, 18, 45, 17, 46, 16, 15, 47, 48, 30, 29, 13, 14]"
video_5658,"[68, 39, 37, 36, 35, 34, 32, 20, 19, 18, 17, 16, 15, 14, 13, 12, 11, 10, 9, 7, 5, 3, 108, 105, 107, 109, 111, 113, 115, 117, 119, 121, 123, 125, 127, 128, 126, 124, 122, 120, 118, 116, 114, 112, 110, 22, 106, 104, 2, 4, 6, 8, 21, 1, 23, 24, 25, 103, 70, 101, 100, 99, 98, 97, 96, 95, 94, 93, 92, 91, 90, 89, 88, 87, 86, 85, 84, 83, 82, 81, 80, 79, 26, 27, 28, 29, 30, 31, 33, 40, 41, 42, 43, 44, 45, 46, 47, 48, 49, 50, 78, 77, 76, 75, 74, 73, 72, 71, 38, 69, 102, 67, 66, 65, 64, 63, 62, 61, 60, 59, 58, 57, 56, 55, 54, 53, 52, 51]"
video_5659,"[20, 21, 22, 23, 24, 25, 26, 27, 28, 29, 61, 64, 32, 33, 34, 35, 36, 37, 38, 39, 96, 95, 94, 93, 92, 91, 90, 89, 88, 87, 86, 85, 84, 83, 82, 81, 80, 79, 78, 40, 41, 42, 43, 44, 45, 46, 47, 48, 49, 50, 51, 52, 53, 54, 55, 56, 57, 58, 59, 60, 30, 62, 63, 31, 65, 66, 67, 68, 69, 70, 71, 72, 73, 74, 75, 76, 77, 19, 18, 17, 16, 15, 14, 13, 12, 11, 10, 9, 8, 7, 6, 5, 4, 3, 2, 1]"
video_5660,"[117, 116, 135, 134, 133, 132, 131, 130, 129, 128, 127, 126, 125, 13, 123, 122, 121, 120, 119, 118, 48, 25, 24, 47, 98, 23, 22, 45, 136, 115, 114, 113, 137, 44, 21, 20, 43, 42, 19, 18, 84, 29, 17, 16, 40, 39, 38, 37, 103, 35, 106, 104, 102, 105, 107, 108, 109, 110, 111, 112, 70, 69, 71, 72, 73, 83, 82, 74, 75, 76, 77, 78, 79, 80, 81, 15, 14, 26, 12, 11, 10, 9, 8, 7, 6, 5, 85, 4, 86, 3, 87, 2, 88, 1, 89, 68, 90, 91, 67, 124, 49, 50, 27, 92, 66, 28, 93, 94, 65, 41, 30, 95, 64, 63, 62, 96, 31, 32, 97, 33, 34, 36, 101, 100, 99, 46, 61, 60, 59, 58, 57, 56, 55, 54, 53, 52, 51]"
video_5661,"[14, 13, 15, 16, 17, 12, 11, 18, 19, 20, 10, 9, 8, 7, 6, 21, 5, 4, 3, 2, 1, 22, 23, 24, 25, 26, 27, 28, 29, 30, 31, 32, 34, 33, 91, 36, 90, 39, 38, 40, 41, 42, 43, 44, 45, 46, 47, 48, 49, 50, 51, 101, 100, 99, 98, 97, 96, 94, 95, 93, 92, 74, 37, 89, 88, 87, 86, 85, 84, 83, 82, 81, 79, 80, 78, 77, 76, 75, 35, 73, 72, 71, 70, 69, 68, 67, 66, 65, 64, 63, 62, 61, 60, 59, 58, 57, 56, 55, 54, 53, 52]"
video_5662,"[50, 71, 53, 99, 98, 97, 91, 80, 31, 30, 79, 83, 70, 54, 55, 56, 69, 47, 96, 81, 82, 95, 68, 57, 58, 67, 94, 17, 45, 33, 46, 32, 34, 44, 84, 93, 66, 59, 60, 65, 64, 61, 62, 63, 90, 89, 88, 87, 73, 86, 85, 92, 43, 35, 36, 42, 41, 37, 39, 40, 38, 29, 28, 27, 26, 78, 77, 76, 75, 74, 48, 72, 52, 100, 101, 25, 18, 49, 19, 15, 16, 23, 24, 20, 21, 22, 13, 12, 11, 8, 9, 10, 14, 7, 6, 5, 51, 1, 2, 3, 4]"
video_5663,"[69, 70, 63, 72, 73, 74, 75, 76, 68, 67, 15, 16, 17, 18, 19, 20, 21, 22, 23, 24, 25, 26, 27, 28, 29, 30, 31, 32, 33, 34, 35, 3, 87, 1, 66, 77, 14, 13, 12, 11, 78, 10, 9, 8, 7, 6, 5, 4, 79, 36, 37, 38, 39, 80, 45, 44, 43, 42, 40, 41, 102, 82, 83, 84, 85, 86, 46, 47, 48, 49, 50, 51, 52, 53, 54, 55, 56, 57, 81, 59, 60, 61, 62, 71, 64, 65, 2, 88, 96, 90, 91, 92, 93, 94, 95, 89, 97, 98, 99, 100, 101, 58, 103, 104, 105, 106, 107, 108, 109, 110, 111, 112, 113, 114, 115, 116, 117, 118, 119, 120, 121, 122, 123, 124, 125, 126, 127, 128, 129, 130]"
video_5664,"[63, 64, 65, 66, 67, 68, 69, 75, 71, 72, 73, 74, 82, 76, 77, 78, 79, 80, 81, 70, 83, 84, 85, 86, 87, 88, 89, 90, 91, 53, 93, 94, 95, 31, 30, 29, 28, 27, 26, 25, 24, 23, 22, 21, 20, 3, 18, 17, 16, 15, 14, 13, 12, 11, 10, 9, 8, 7, 6, 33, 4, 19, 2, 1, 62, 61, 60, 59, 58, 57, 56, 55, 54, 92, 52, 51, 50, 49, 48, 47, 46, 45, 44, 43, 42, 41, 40, 39, 38, 37, 36, 35, 34, 5, 32]"
video_5665,"[13, 50, 51, 52, 53, 54, 55, 56, 57, 58, 59, 60, 61, 62, 63, 64, 65, 66, 67, 68, 69, 70, 71, 72, 73, 74, 75, 76, 22, 78, 79, 80, 81, 82, 83, 84, 85, 86, 87, 88, 89, 90, 91, 92, 93, 94, 95, 48, 47, 46, 45, 44, 43, 42, 41, 40, 39, 38, 37, 36, 35, 34, 33, 32, 31, 30, 29, 28, 27, 26, 25, 24, 23, 77, 21, 20, 19, 18, 17, 16, 15, 14, 1, 12, 11, 10, 9, 8, 7, 6, 5, 4, 3, 2, 49]"
video_5666,"[31, 32, 33, 34, 35, 36, 37, 38, 39, 40, 6, 42, 43, 44, 45, 46, 47, 48, 49, 50, 1, 2, 3, 4, 5, 41, 7, 8, 9, 10, 20, 19, 18, 17, 16, 15, 14, 13, 12, 11, 21, 22, 23, 24, 25, 26, 27, 28, 29, 30, 51, 52, 53, 54, 55, 56, 57, 58, 59, 60, 61, 62]"
video_5667,"[24, 23, 22, 21, 20, 19, 17, 18, 16, 15, 14, 13, 12, 11, 10, 9, 8, 6, 7, 5, 4, 3, 2, 1, 78, 71, 73, 74, 75, 76, 77, 41, 79, 80, 81, 82, 83, 53, 87, 86, 85, 90, 88, 89, 91, 92, 93, 70, 68, 69, 66, 65, 67, 64, 63, 62, 60, 61, 59, 58, 57, 56, 55, 54, 84, 52, 51, 50, 49, 48, 47, 44, 46, 45, 42, 72, 43, 40, 39, 38, 37, 36, 34, 35, 33, 32, 31, 30, 29, 28, 26, 25, 27]"
video_5668,"[43, 65, 64, 63, 67, 68, 59, 60, 61, 62, 1, 57, 56, 54, 55, 53, 52, 51, 50, 49, 48, 44, 45, 47, 46, 72, 69, 70, 71, 73, 74, 75, 34, 77, 78, 79, 80, 81, 82, 83, 84, 85, 86, 94, 42, 91, 33, 35, 76, 31, 30, 36, 39, 41, 40, 38, 37, 29, 28, 27, 26, 25, 24, 23, 22, 21, 20, 19, 18, 17, 16, 15, 14, 13, 12, 11, 10, 9, 8, 7, 6, 5, 66, 3, 2, 32, 130, 129, 128, 127, 126, 125, 124, 123, 122, 121, 120, 119, 118, 117, 116, 115, 114, 113, 112, 111, 110, 109, 108, 107, 106, 105, 104, 103, 102, 101, 100, 99, 98, 97, 96, 95, 4, 93, 92, 58, 90, 89, 88, 87]"
video_5669,"[130, 129, 128, 127, 126, 125, 124, 123, 122, 121, 120, 119, 118, 117, 116, 115, 114, 113, 112, 111, 110, 109, 108, 103, 106, 105, 104, 37, 102, 101, 100, 99, 98, 97, 96, 95, 94, 93, 92, 91, 90, 76, 88, 87, 1, 2, 3, 4, 5, 6, 7, 8, 9, 10, 11, 12, 13, 14, 15, 16, 17, 18, 19, 20, 21, 22, 107, 24, 25, 26, 27, 28, 29, 30, 31, 32, 33, 34, 35, 89, 23, 38, 39, 40, 41, 42, 43, 86, 85, 84, 36, 82, 81, 80, 79, 78, 77, 83, 75, 74, 73, 72, 71, 70, 69, 68, 67, 66, 65, 64, 63, 62, 61, 60, 59, 58, 57, 56, 55, 54, 53, 52, 51, 50, 49, 48, 47, 44, 45, 46]"
video_5670,"[24, 26, 25, 27, 28, 29, 30, 31, 32, 33, 34, 35, 36, 37, 38, 39, 40, 41, 42, 43, 44, 45, 60, 88, 48, 49, 73, 74, 75, 76, 77, 78, 79, 80, 81, 82, 83, 84, 85, 86, 87, 46, 89, 90, 91, 92, 93, 94, 95, 1, 2, 3, 4, 5, 59, 7, 8, 9, 23, 11, 12, 13, 14, 15, 21, 17, 18, 19, 20, 16, 22, 10, 118, 117, 116, 115, 114, 113, 112, 111, 110, 109, 108, 107, 106, 105, 6, 103, 102, 101, 100, 99, 98, 97, 96, 50, 51, 52, 53, 54, 55, 56, 57, 58, 104, 47, 61, 62, 63, 64, 65, 66, 67, 68, 70, 69, 71, 72]"
video_5671,"[58, 63, 64, 65, 66, 67, 68, 69, 70, 71, 87, 73, 74, 75, 76, 77, 78, 79, 80, 81, 82, 8, 9, 10, 11, 12, 13, 14, 15, 16, 17, 18, 19, 20, 21, 22, 23, 24, 25, 26, 27, 28, 29, 61, 60, 30, 31, 59, 72, 32, 33, 34, 35, 36, 37, 38, 39, 5, 41, 42, 43, 44, 62, 86, 3, 2, 1, 45, 46, 47, 48, 49, 50, 51, 52, 53, 54, 55, 56, 57, 4, 85, 40, 6, 84, 83, 7]"
video_5672,"[66, 65, 64, 63, 67, 62, 61, 68, 69, 70, 71, 72, 73, 74, 50, 49, 34, 36, 35, 19, 17, 16, 14, 13, 15, 18, 20, 21, 22, 23, 27, 26, 25, 24, 28, 33, 51, 52, 32, 31, 30, 29, 53, 57, 58, 59, 60, 48, 47, 46, 45, 44, 42, 43, 41, 40, 39, 38, 37, 12, 11, 10, 9, 8, 75, 7, 6, 5, 4, 3, 2, 1, 56, 55, 54]"
video_5673,"[46, 45, 44, 43, 42, 41, 40, 39, 38, 37, 36, 35, 34, 33, 32, 31, 30, 29, 28, 27, 26, 25, 24, 57, 22, 21, 20, 19, 18, 17, 16, 15, 14, 13, 12, 11, 10, 9, 8, 7, 6, 61, 5, 3, 2, 1, 69, 68, 67, 66, 65, 64, 63, 62, 4, 60, 59, 58, 54, 56, 55, 23, 53, 52, 51, 50, 49, 48, 47]"
video_5674,"[54, 55, 56, 57, 58, 59, 60, 61, 62, 63, 100, 65, 66, 67, 68, 69, 70, 71, 72, 73, 74, 75, 76, 77, 82, 53, 52, 51, 50, 49, 48, 47, 46, 45, 44, 43, 42, 41, 40, 39, 38, 37, 36, 35, 34, 33, 32, 31, 30, 29, 103, 102, 101, 78, 99, 98, 97, 96, 95, 94, 81, 92, 64, 90, 89, 88, 87, 86, 85, 84, 83, 91, 24, 80, 79, 28, 27, 26, 25, 9, 23, 22, 21, 20, 19, 18, 17, 16, 15, 14, 13, 12, 11, 10, 93, 8, 7, 6, 5, 4, 3, 2, 1]"
video_5675,"[141, 140, 139, 138, 137, 136, 135, 134, 124, 132, 131, 130, 129, 128, 127, 126, 125, 57, 123, 122, 121, 36, 119, 118, 117, 116, 120, 114, 113, 112, 111, 110, 109, 108, 107, 106, 105, 104, 103, 102, 101, 100, 99, 98, 97, 96, 95, 94, 76, 92, 91, 90, 89, 88, 87, 86, 85, 84, 83, 82, 81, 80, 79, 78, 77, 7, 75, 74, 73, 72, 1, 2, 3, 4, 5, 6, 133, 8, 9, 10, 11, 12, 13, 14, 15, 16, 17, 18, 19, 20, 21, 22, 23, 24, 25, 26, 27, 28, 29, 30, 31, 32, 33, 34, 35, 115, 37, 38, 39, 40, 41, 42, 43, 44, 45, 46, 47, 48, 49, 50, 51, 52, 53, 54, 55, 56, 93, 58, 59, 60, 61, 62, 63, 64, 65, 66, 67, 68, 69, 70, 71]"
video_5676,"[1, 2, 3, 4, 19, 6, 7, 80, 9, 10, 11, 12, 13, 14, 15, 16, 17, 18, 62, 20, 21, 22, 23, 24, 25, 102, 101, 100, 8, 98, 97, 96, 95, 94, 93, 75, 91, 90, 89, 88, 87, 86, 85, 84, 83, 82, 81, 99, 79, 78, 26, 27, 28, 29, 30, 31, 32, 33, 34, 35, 36, 37, 38, 39, 77, 76, 5, 74, 73, 72, 71, 70, 92, 68, 67, 66, 65, 64, 63, 69, 61, 60, 59, 58, 57, 56, 55, 54, 53, 52, 51, 50, 49, 48, 47, 46, 45, 40, 41, 43, 44, 42]"
video_5677,"[6, 35, 34, 124, 32, 31, 30, 29, 28, 27, 26, 25, 112, 23, 22, 21, 20, 19, 18, 17, 16, 15, 14, 13, 12, 11, 10, 91, 8, 7, 24, 5, 4, 3, 2, 1, 138, 137, 136, 135, 134, 133, 132, 131, 130, 129, 128, 127, 126, 125, 94, 123, 122, 121, 120, 119, 118, 117, 116, 115, 114, 113, 109, 111, 110, 66, 108, 107, 106, 33, 71, 72, 73, 74, 75, 76, 77, 78, 79, 80, 81, 82, 83, 84, 85, 86, 87, 88, 89, 90, 105, 92, 93, 64, 95, 96, 97, 98, 99, 100, 101, 102, 103, 104, 37, 38, 39, 40, 41, 42, 43, 44, 45, 46, 47, 48, 49, 50, 51, 52, 53, 54, 55, 56, 57, 58, 59, 60, 61, 62, 63, 9, 65, 36, 67, 68, 69, 70]"
video_5678,"[28, 41, 43, 44, 45, 46, 47, 48, 49, 50, 51, 52, 53, 54, 55, 39, 57, 58, 59, 60, 99, 100, 97, 98, 96, 95, 94, 93, 92, 91, 90, 89, 88, 87, 86, 85, 84, 83, 82, 81, 1, 42, 3, 4, 5, 6, 7, 56, 9, 10, 11, 77, 13, 14, 15, 16, 17, 18, 19, 20, 21, 22, 23, 24, 25, 26, 27, 12, 29, 30, 31, 32, 33, 34, 35, 36, 37, 38, 8, 40, 80, 79, 78, 70, 76, 75, 74, 73, 72, 71, 2, 69, 68, 67, 66, 65, 64, 63, 62, 61]"
video_5679,"[117, 116, 115, 114, 113, 112, 111, 110, 109, 108, 107, 106, 105, 104, 103, 102, 101, 100, 30, 98, 97, 96, 95, 94, 93, 92, 91, 90, 89, 88, 87, 86, 85, 84, 83, 82, 81, 80, 79, 78, 77, 76, 75, 74, 73, 72, 71, 70, 69, 68, 67, 66, 65, 64, 63, 62, 61, 60, 59, 58, 57, 56, 55, 54, 53, 52, 51, 50, 49, 48, 47, 46, 45, 44, 43, 10, 41, 40, 39, 38, 37, 36, 35, 34, 33, 32, 31, 29, 99, 28, 27, 26, 25, 24, 23, 22, 21, 20, 19, 18, 17, 16, 15, 14, 13, 12, 11, 42, 9, 8, 7, 6, 5, 4, 3, 2, 1]"
video_5680,"[33, 34, 35, 36, 37, 38, 39, 40, 41, 42, 43, 44, 45, 46, 47, 48, 49, 50, 87, 52, 53, 54, 55, 56, 57, 58, 59, 60, 61, 62, 68, 64, 65, 66, 67, 32, 69, 70, 71, 72, 73, 74, 75, 76, 77, 78, 79, 80, 81, 82, 83, 84, 85, 86, 6, 88, 89, 90, 91, 92, 93, 94, 95, 96, 1, 2, 3, 4, 5, 8, 7, 51, 9, 10, 11, 12, 13, 14, 15, 16, 17, 18, 19, 20, 21, 22, 23, 24, 25, 26, 27, 28, 63, 30, 31, 29]"
video_5681,"[8, 59, 24, 58, 56, 55, 54, 53, 52, 51, 50, 49, 61, 62, 64, 66, 67, 69, 70, 71, 72, 74, 75, 73, 82, 65, 63, 46, 47, 48, 60, 76, 68, 78, 79, 80, 81, 83, 84, 85, 86, 87, 88, 89, 90, 31, 32, 33, 34, 35, 36, 37, 38, 39, 40, 41, 42, 43, 44, 45, 15, 14, 13, 12, 11, 10, 9, 77, 7, 6, 5, 4, 3, 2, 1, 30, 29, 28, 57, 26, 25, 27, 23, 22, 21, 20, 19, 18, 17, 16]"
video_5682,"[24, 23, 22, 21, 20, 19, 18, 17, 16, 15, 14, 13, 11, 12, 10, 9, 8, 7, 6, 4, 5, 54, 55, 57, 59, 60, 58, 56, 52, 53, 51, 50, 49, 48, 47, 46, 1, 2, 3, 80, 65, 61, 25, 26, 27, 62, 29, 28, 30, 31, 32, 33, 44, 35, 36, 38, 37, 98, 40, 41, 42, 43, 81, 82, 79, 78, 76, 77, 74, 75, 73, 71, 72, 69, 70, 68, 67, 66, 39, 64, 63, 101, 102, 103, 104, 105, 106, 107, 108, 109, 34, 111, 112, 113, 114, 115, 116, 117, 119, 118, 110, 83, 84, 85, 86, 87, 88, 89, 90, 91, 92, 93, 94, 95, 96, 97, 100, 99, 45]"
video_5683,"[67, 68, 60, 70, 71, 72, 73, 74, 80, 76, 77, 78, 79, 75, 81, 82, 83, 84, 85, 86, 87, 1, 2, 3, 4, 5, 6, 7, 8, 9, 10, 11, 63, 13, 14, 15, 16, 17, 18, 19, 20, 21, 42, 41, 40, 39, 38, 37, 36, 35, 34, 33, 66, 32, 31, 65, 30, 29, 64, 62, 12, 28, 27, 26, 25, 24, 23, 22, 43, 44, 45, 46, 47, 48, 49, 50, 51, 52, 53, 54, 55, 56, 57, 58, 59, 69, 61]"
video_5684,"[58, 59, 46, 49, 57, 51, 50, 56, 55, 54, 53, 52, 29, 30, 28, 27, 32, 48, 26, 25, 33, 24, 23, 35, 34, 31, 47, 60, 61, 62, 36, 37, 45, 44, 21, 22, 20, 19, 43, 38, 63, 65, 64, 39, 40, 42, 18, 17, 16, 125, 124, 85, 41, 66, 67, 68, 69, 70, 71, 112, 73, 74, 75, 77, 78, 79, 80, 81, 82, 83, 84, 1, 2, 3, 4, 5, 6, 7, 8, 10, 9, 119, 120, 118, 117, 116, 115, 114, 113, 86, 111, 110, 109, 108, 107, 106, 105, 104, 103, 102, 101, 100, 99, 98, 97, 96, 94, 95, 93, 91, 72, 76, 90, 88, 89, 87, 92, 121, 11, 12, 13, 122, 123, 14, 15]"
video_5685,"[62, 61, 60, 59, 58, 57, 56, 55, 54, 53, 52, 51, 50, 49, 48, 38, 46, 45, 44, 43, 42, 41, 40, 39, 8, 37, 36, 35, 34, 33, 32, 1, 2, 3, 4, 5, 6, 7, 109, 9, 10, 11, 12, 13, 14, 15, 16, 17, 72, 19, 20, 21, 22, 23, 24, 25, 26, 27, 28, 29, 30, 31, 96, 97, 98, 99, 100, 101, 102, 103, 104, 118, 106, 107, 108, 94, 110, 111, 112, 113, 114, 115, 105, 117, 76, 119, 120, 121, 122, 123, 124, 125, 126, 95, 47, 93, 63, 64, 65, 66, 67, 68, 69, 70, 71, 18, 73, 74, 75, 116, 77, 78, 79, 80, 81, 82, 83, 84, 85, 86, 87, 88, 89, 90, 91, 92]"
video_5686,"[84, 83, 82, 81, 80, 79, 78, 77, 76, 75, 33, 73, 31, 71, 70, 69, 68, 67, 66, 65, 64, 63, 62, 61, 60, 59, 58, 57, 56, 55, 54, 53, 52, 51, 50, 49, 48, 47, 46, 45, 44, 43, 42, 41, 40, 39, 38, 37, 36, 72, 34, 74, 32, 20, 30, 29, 28, 27, 26, 25, 24, 23, 22, 21, 35, 19, 18, 17, 16, 15, 14, 13, 12, 11, 10, 9, 8, 7, 6, 5, 4, 3, 2, 1]"
video_5687,"[31, 30, 29, 27, 28, 26, 25, 24, 23, 88, 87, 86, 85, 84, 83, 32, 33, 34, 104, 103, 102, 101, 99, 100, 98, 97, 96, 95, 94, 93, 92, 90, 91, 89, 51, 68, 69, 70, 71, 72, 73, 74, 4, 75, 77, 79, 78, 80, 81, 82, 35, 36, 37, 38, 40, 39, 41, 42, 43, 44, 2, 1, 3, 67, 5, 6, 7, 8, 9, 10, 11, 12, 13, 14, 15, 16, 17, 18, 19, 20, 63, 45, 22, 46, 76, 48, 49, 50, 47, 52, 54, 53, 55, 56, 57, 58, 59, 60, 61, 62, 21, 64, 65, 66, 113, 112, 111, 110, 108, 109, 107, 106, 105]"
video_5688,"[76, 77, 78, 79, 80, 81, 82, 83, 84, 85, 86, 87, 88, 89, 90, 75, 92, 93, 48, 2, 3, 4, 5, 6, 53, 8, 9, 10, 11, 12, 13, 14, 15, 16, 17, 18, 54, 71, 52, 51, 50, 49, 1, 47, 46, 45, 44, 43, 42, 41, 40, 39, 38, 37, 36, 35, 34, 33, 32, 31, 30, 29, 28, 19, 26, 25, 24, 23, 22, 21, 20, 63, 111, 110, 109, 108, 107, 106, 105, 104, 103, 102, 101, 100, 99, 98, 97, 96, 95, 94, 91, 74, 73, 72, 7, 70, 69, 68, 67, 66, 65, 64, 62, 27, 61, 60, 59, 58, 57, 56, 55]"
video_5689,"[27, 26, 37, 36, 35, 34, 38, 32, 33, 110, 111, 109, 72, 25, 23, 39, 41, 40, 106, 107, 108, 74, 73, 99, 70, 71, 75, 76, 69, 68, 22, 31, 30, 42, 105, 77, 43, 104, 78, 67, 66, 21, 29, 44, 103, 102, 81, 80, 79, 65, 19, 20, 28, 82, 83, 1, 46, 45, 100, 101, 64, 84, 18, 2, 3, 48, 91, 98, 24, 86, 85, 49, 50, 51, 88, 95, 96, 54, 53, 52, 55, 94, 93, 92, 47, 89, 90, 56, 9, 12, 11, 10, 8, 13, 58, 59, 57, 7, 6, 14, 60, 87, 97, 5, 4, 15, 16, 17, 61, 62, 63]"
video_5690,"[108, 109, 110, 111, 112, 113, 114, 115, 58, 57, 56, 55, 54, 82, 52, 51, 50, 49, 48, 47, 46, 11, 44, 43, 42, 41, 40, 78, 39, 80, 81, 21, 83, 84, 85, 86, 87, 88, 89, 90, 91, 92, 93, 94, 95, 96, 79, 38, 45, 36, 35, 34, 33, 32, 31, 30, 29, 28, 27, 26, 25, 8, 23, 22, 53, 59, 60, 61, 62, 63, 64, 65, 66, 67, 68, 69, 70, 71, 72, 73, 74, 75, 76, 77, 1, 2, 3, 4, 5, 6, 7, 24, 9, 10, 37, 12, 13, 14, 15, 16, 17, 18, 19, 20, 97, 98, 99, 100, 101, 102, 103, 104, 105, 106, 107]"
video_5691,"[70, 69, 68, 67, 66, 64, 65, 29, 30, 31, 33, 34, 35, 28, 36, 32, 63, 94, 27, 37, 1, 62, 93, 26, 38, 83, 74, 92, 24, 39, 61, 3, 91, 2, 40, 71, 72, 90, 4, 59, 23, 41, 22, 42, 58, 5, 89, 73, 25, 88, 6, 57, 43, 21, 20, 44, 19, 45, 18, 46, 17, 85, 77, 86, 76, 75, 87, 7, 56, 55, 8, 9, 54, 53, 10, 47, 16, 11, 52, 48, 49, 50, 51, 12, 15, 13, 14, 80, 81, 82, 60, 79, 84, 78]"
video_5692,"[54, 53, 52, 51, 50, 49, 47, 1, 46, 45, 44, 43, 42, 41, 40, 39, 10, 37, 36, 35, 34, 33, 32, 31, 30, 29, 28, 27, 26, 25, 24, 23, 22, 21, 84, 19, 18, 17, 16, 15, 14, 13, 12, 11, 38, 9, 8, 7, 6, 5, 4, 3, 2, 48, 109, 108, 107, 106, 105, 104, 103, 102, 101, 100, 99, 98, 55, 96, 95, 94, 93, 92, 91, 90, 89, 88, 87, 86, 85, 97, 83, 82, 81, 80, 79, 78, 77, 76, 75, 74, 73, 72, 71, 70, 69, 68, 67, 66, 65, 64, 63, 62, 61, 60, 59, 58, 57, 56, 20]"
video_5693,"[119, 120, 121, 122, 123, 124, 125, 126, 128, 127, 129, 130, 131, 132, 133, 134, 135, 136, 137, 34, 33, 32, 31, 30, 29, 44, 27, 26, 25, 24, 23, 22, 21, 20, 19, 18, 17, 16, 15, 14, 13, 12, 11, 39, 9, 8, 7, 6, 5, 4, 3, 2, 1, 68, 67, 66, 65, 64, 63, 62, 61, 60, 59, 58, 57, 56, 55, 54, 53, 52, 51, 50, 49, 48, 47, 46, 45, 81, 43, 42, 112, 40, 10, 38, 37, 36, 35, 118, 117, 116, 115, 114, 113, 103, 102, 70, 100, 99, 98, 97, 96, 94, 95, 93, 92, 91, 90, 89, 88, 87, 86, 85, 84, 83, 82, 28, 80, 79, 78, 77, 76, 75, 74, 73, 72, 71, 101, 69, 104, 105, 106, 107, 108, 109, 110, 111, 41]"
video_5694,"[16, 15, 14, 13, 12, 11, 10, 9, 8, 7, 6, 5, 4, 3, 2, 1, 91, 90, 89, 88, 87, 86, 85, 84, 83, 82, 81, 80, 79, 78, 77, 32, 33, 34, 35, 36, 37, 38, 39, 40, 42, 41, 43, 44, 45, 68, 17, 18, 19, 20, 21, 22, 23, 24, 25, 26, 27, 28, 29, 30, 31, 61, 60, 59, 58, 57, 56, 55, 54, 53, 52, 51, 50, 49, 48, 47, 76, 75, 74, 73, 72, 71, 70, 69, 46, 67, 66, 65, 64, 63, 62]"
video_5695,"[73, 74, 75, 76, 77, 78, 79, 80, 81, 82, 83, 84, 85, 86, 87, 14, 89, 90, 91, 92, 93, 94, 88, 96, 97, 98, 99, 100, 101, 102, 103, 104, 105, 106, 107, 35, 34, 33, 32, 31, 30, 95, 28, 27, 26, 25, 39, 23, 22, 21, 20, 19, 18, 17, 16, 15, 29, 13, 12, 11, 10, 62, 63, 64, 65, 40, 67, 68, 69, 70, 71, 72, 1, 2, 66, 4, 5, 6, 7, 8, 9, 61, 60, 59, 58, 57, 56, 55, 54, 53, 52, 51, 50, 49, 48, 47, 46, 45, 44, 43, 42, 41, 24, 3, 38, 37, 36]"
video_5696,"[141, 140, 139, 10, 137, 136, 135, 134, 133, 132, 131, 130, 129, 128, 127, 126, 125, 124, 123, 122, 121, 120, 119, 118, 117, 116, 115, 114, 113, 112, 111, 110, 75, 108, 107, 1, 2, 3, 4, 5, 6, 7, 8, 9, 109, 11, 85, 90, 14, 15, 16, 17, 18, 19, 20, 21, 22, 23, 24, 25, 70, 35, 34, 33, 32, 31, 30, 29, 26, 28, 27, 74, 73, 72, 71, 138, 76, 77, 78, 79, 80, 81, 82, 83, 84, 13, 86, 87, 88, 89, 12, 91, 92, 93, 94, 95, 96, 97, 98, 99, 100, 101, 102, 103, 104, 105, 106, 36, 37, 38, 39, 40, 41, 42, 43, 44, 45, 46, 47, 48, 49, 50, 51, 52, 53, 54, 55, 56, 57, 58, 59, 63, 61, 62, 68, 64, 65, 66, 67, 60, 69]"
video_5697,"[20, 19, 18, 17, 16, 15, 14, 13, 12, 11, 10, 9, 8, 7, 6, 5, 4, 3, 2, 1, 67, 59, 58, 57, 56, 55, 54, 30, 52, 51, 50, 49, 48, 47, 46, 45, 44, 43, 42, 41, 61, 62, 63, 64, 65, 66, 38, 68, 69, 70, 71, 60, 73, 74, 75, 76, 77, 53, 79, 80, 40, 39, 72, 37, 36, 35, 34, 33, 32, 31, 78, 29, 28, 27, 26, 25, 24, 23, 22, 21]"
video_5698,"[58, 57, 56, 55, 54, 53, 52, 51, 50, 49, 48, 47, 46, 45, 44, 43, 42, 41, 40, 39, 38, 37, 36, 35, 34, 33, 32, 31, 30, 29, 28, 27, 26, 25, 79, 23, 22, 21, 20, 19, 18, 17, 16, 15, 14, 13, 111, 11, 10, 9, 8, 7, 12, 5, 4, 3, 2, 1, 116, 115, 114, 113, 112, 6, 110, 109, 108, 24, 106, 105, 104, 103, 102, 101, 100, 99, 98, 97, 96, 95, 94, 93, 92, 91, 90, 89, 88, 87, 86, 85, 84, 83, 82, 81, 80, 107, 78, 77, 76, 75, 74, 73, 72, 71, 70, 69, 68, 67, 66, 65, 64, 63, 62, 61, 60, 59]"
video_5699,"[94, 93, 92, 91, 90, 89, 88, 87, 86, 85, 84, 83, 82, 81, 80, 79, 78, 77, 76, 75, 74, 73, 72, 71, 70, 69, 68, 67, 66, 65, 64, 63, 62, 61, 60, 59, 58, 57, 46, 55, 54, 53, 52, 51, 50, 49, 48, 47, 56, 45, 21, 43, 42, 41, 40, 39, 38, 37, 36, 35, 34, 33, 32, 31, 30, 29, 28, 27, 26, 25, 44, 23, 22, 24, 20, 19, 18, 17, 16, 15, 14, 13, 12, 11, 10, 9, 8, 7, 6, 5, 4, 3, 2, 1]"
video_5700,"[32, 36, 37, 38, 39, 40, 41, 42, 43, 1, 45, 46, 47, 48, 49, 50, 51, 52, 53, 114, 55, 56, 57, 58, 59, 60, 61, 62, 63, 64, 65, 66, 67, 133, 132, 131, 130, 129, 128, 127, 126, 125, 124, 123, 122, 121, 120, 119, 118, 117, 116, 115, 14, 113, 112, 111, 110, 109, 108, 107, 106, 105, 104, 103, 102, 101, 100, 99, 98, 94, 96, 95, 77, 93, 92, 91, 90, 89, 88, 87, 86, 85, 84, 83, 82, 35, 80, 79, 78, 97, 76, 75, 74, 4, 3, 2, 44, 68, 69, 70, 71, 72, 73, 5, 6, 7, 8, 9, 10, 11, 12, 13, 54, 15, 16, 17, 18, 19, 20, 21, 22, 23, 24, 25, 26, 27, 28, 29, 30, 31, 81, 33, 34]"
video_5701,"[53, 54, 55, 56, 57, 58, 59, 60, 61, 62, 63, 64, 65, 66, 67, 30, 69, 70, 71, 72, 73, 74, 75, 76, 77, 78, 52, 51, 50, 49, 48, 47, 46, 45, 44, 98, 42, 41, 40, 39, 38, 37, 36, 35, 34, 43, 32, 31, 106, 29, 28, 27, 89, 107, 108, 109, 110, 111, 112, 95, 114, 115, 116, 117, 118, 119, 120, 121, 122, 123, 124, 125, 126, 127, 128, 129, 130, 131, 1, 2, 3, 4, 5, 6, 7, 8, 9, 10, 11, 12, 13, 14, 15, 33, 17, 18, 19, 20, 21, 22, 23, 24, 25, 26, 79, 80, 81, 82, 83, 84, 85, 86, 87, 88, 113, 90, 91, 92, 93, 94, 68, 96, 97, 16, 99, 100, 101, 102, 103, 104, 105]"
video_5702,"[150, 149, 148, 147, 146, 145, 144, 143, 142, 141, 140, 139, 138, 137, 136, 135, 134, 133, 132, 131, 130, 7, 128, 127, 126, 125, 124, 123, 122, 121, 120, 119, 118, 117, 116, 115, 114, 37, 36, 35, 34, 33, 32, 31, 30, 29, 28, 27, 26, 25, 24, 23, 22, 21, 20, 19, 18, 17, 16, 15, 14, 13, 12, 11, 10, 44, 8, 59, 6, 5, 4, 3, 2, 1, 77, 78, 79, 80, 81, 82, 83, 84, 48, 86, 104, 88, 89, 90, 91, 92, 93, 94, 95, 96, 97, 98, 99, 100, 101, 102, 103, 40, 105, 106, 107, 108, 109, 110, 111, 112, 113, 38, 39, 9, 41, 42, 43, 87, 45, 46, 47, 129, 49, 50, 76, 75, 74, 73, 72, 71, 70, 69, 68, 67, 66, 65, 64, 63, 62, 61, 60, 85, 56, 55, 54, 53, 57, 58, 52, 51]"
video_5703,"[8, 7, 6, 5, 4, 3, 35, 34, 2, 9, 1, 33, 32, 70, 11, 10, 47, 46, 45, 44, 43, 42, 41, 40, 39, 38, 37, 36, 48, 49, 50, 51, 52, 53, 54, 55, 56, 57, 58, 59, 60, 61, 62, 63, 64, 65, 66, 67, 14, 15, 16, 17, 18, 19, 20, 21, 22, 23, 24, 25, 26, 27, 28, 29, 30, 68, 13, 12, 69, 31]"
video_5704,"[19, 20, 21, 22, 23, 24, 25, 26, 27, 28, 29, 30, 31, 32, 33, 34, 35, 15, 37, 38, 39, 1, 2, 3, 4, 5, 6, 7, 8, 9, 10, 11, 12, 13, 14, 70, 16, 17, 18, 93, 92, 91, 90, 89, 88, 87, 86, 85, 84, 83, 82, 81, 80, 79, 78, 77, 76, 40, 41, 42, 43, 44, 45, 46, 47, 48, 49, 50, 51, 52, 53, 54, 55, 56, 57, 58, 59, 60, 61, 62, 63, 64, 65, 66, 67, 68, 69, 36, 71, 72, 73, 74, 75]"
video_5705,"[99, 100, 101, 102, 98, 97, 96, 95, 93, 94, 115, 91, 90, 89, 87, 88, 86, 85, 84, 83, 82, 81, 80, 78, 79, 103, 105, 104, 106, 107, 108, 109, 110, 111, 112, 74, 114, 113, 116, 117, 118, 119, 120, 121, 122, 123, 4, 125, 126, 127, 2, 1, 3, 5, 47, 6, 7, 8, 9, 11, 10, 12, 13, 14, 15, 17, 16, 18, 19, 20, 21, 22, 23, 24, 25, 26, 27, 29, 28, 30, 31, 32, 33, 35, 34, 36, 37, 38, 39, 41, 40, 42, 43, 44, 45, 46, 62, 48, 49, 50, 77, 75, 76, 92, 73, 72, 71, 70, 69, 68, 67, 66, 65, 63, 64, 124, 61, 60, 57, 58, 56, 59, 55, 54, 53, 51, 52]"
video_5706,"[88, 89, 52, 55, 19, 20, 1, 37, 38, 21, 22, 23, 24, 25, 26, 82, 81, 80, 79, 48, 77, 76, 75, 74, 73, 36, 18, 91, 54, 53, 90, 17, 35, 72, 71, 34, 16, 33, 70, 41, 15, 51, 49, 86, 87, 50, 14, 69, 68, 57, 13, 11, 10, 9, 8, 7, 6, 5, 4, 3, 2, 39, 40, 32, 42, 43, 44, 45, 46, 83, 84, 47, 28, 27, 78, 12, 30, 85, 31, 67, 66, 65, 64, 63, 62, 61, 60, 59, 58, 29, 56]"
video_5707,"[36, 37, 43, 45, 44, 42, 41, 40, 39, 38, 35, 34, 33, 32, 31, 30, 29, 28, 27, 26, 25, 24, 23, 22, 21, 20, 19, 18, 17, 16, 15, 14, 13, 12, 11, 10, 9, 8, 7, 6, 5, 4, 3, 2, 1, 91, 90, 89, 88, 72, 86, 85, 84, 83, 82, 81, 80, 79, 78, 77, 76, 75, 74, 73, 87, 71, 70, 69, 68, 67, 66, 65, 64, 63, 62, 61, 60, 59, 58, 57, 56, 55, 54, 53, 52, 51, 50, 49, 48, 47, 46]"
video_5708,"[1, 2, 3, 4, 5, 6, 7, 8, 9, 10, 11, 12, 13, 14, 15, 16, 17, 18, 19, 20, 21, 22, 77, 24, 25, 26, 56, 28, 29, 30, 31, 32, 33, 34, 35, 36, 37, 38, 39, 79, 78, 23, 76, 75, 74, 73, 72, 71, 70, 69, 68, 67, 66, 65, 64, 63, 62, 61, 60, 59, 58, 57, 27, 55, 54, 53, 52, 51, 50, 49, 48, 47, 46, 45, 44, 43, 42, 41, 40]"
video_5709,"[77, 78, 79, 80, 81, 82, 83, 84, 85, 86, 87, 88, 89, 90, 91, 92, 93, 55, 95, 96, 97, 26, 99, 100, 101, 76, 75, 74, 37, 72, 71, 70, 69, 68, 67, 66, 65, 64, 63, 62, 61, 60, 59, 58, 57, 56, 94, 54, 53, 52, 2, 1, 3, 4, 5, 6, 7, 8, 9, 10, 11, 12, 13, 14, 15, 16, 17, 18, 19, 20, 21, 22, 23, 24, 25, 98, 27, 28, 29, 30, 31, 32, 33, 34, 35, 36, 73, 38, 39, 40, 41, 42, 43, 44, 45, 46, 47, 48, 49, 50, 51]"
video_5710,"[49, 50, 51, 52, 53, 54, 55, 56, 57, 58, 59, 60, 61, 62, 63, 64, 65, 44, 67, 68, 69, 70, 24, 21, 20, 19, 18, 17, 16, 15, 14, 13, 12, 11, 66, 9, 8, 7, 6, 5, 4, 3, 2, 1, 71, 72, 73, 74, 75, 76, 77, 78, 79, 80, 81, 82, 104, 84, 85, 83, 87, 88, 89, 90, 91, 92, 93, 94, 95, 96, 97, 98, 99, 100, 101, 102, 103, 86, 105, 106, 107, 108, 109, 110, 111, 112, 113, 114, 23, 10, 25, 26, 27, 28, 29, 30, 31, 32, 33, 34, 35, 36, 37, 38, 39, 40, 41, 42, 43, 22, 45, 46, 47, 48]"
video_5711,"[124, 123, 121, 94, 120, 119, 122, 117, 116, 115, 114, 113, 112, 111, 110, 109, 108, 107, 106, 105, 104, 103, 102, 101, 100, 77, 98, 97, 96, 95, 118, 93, 92, 91, 90, 89, 88, 87, 86, 85, 84, 83, 41, 40, 39, 38, 37, 36, 35, 34, 33, 32, 31, 30, 29, 68, 27, 26, 25, 24, 23, 22, 21, 20, 19, 18, 17, 16, 15, 14, 13, 12, 11, 10, 9, 8, 7, 6, 5, 4, 3, 2, 1, 42, 43, 44, 45, 46, 47, 48, 49, 50, 51, 52, 53, 54, 55, 56, 57, 58, 59, 60, 61, 62, 63, 64, 65, 66, 67, 28, 69, 70, 71, 72, 73, 74, 75, 76, 99, 78, 79, 80, 81, 82]"
video_5712,"[28, 29, 30, 31, 32, 33, 36, 35, 34, 37, 3, 12, 103, 119, 106, 98, 92, 108, 111, 4, 121, 120, 90, 99, 91, 107, 114, 112, 105, 97, 51, 19, 20, 21, 18, 41, 40, 39, 38, 11, 2, 122, 100, 93, 109, 110, 77, 89, 6, 13, 10, 123, 101, 94, 102, 95, 87, 86, 124, 42, 130, 46, 45, 44, 50, 113, 47, 43, 131, 136, 135, 125, 126, 127, 15, 85, 22, 26, 82, 25, 23, 24, 139, 138, 54, 53, 58, 134, 133, 132, 137, 57, 52, 48, 55, 56, 49, 73, 74, 75, 76, 104, 78, 79, 80, 81, 59, 60, 61, 62, 63, 64, 65, 66, 67, 68, 69, 70, 71, 72, 83, 27, 84, 16, 17, 1, 9, 129, 128, 7, 8, 116, 117, 14, 88, 96, 5, 118, 115]"
video_5713,"[99, 98, 97, 96, 95, 94, 93, 92, 15, 90, 89, 88, 87, 86, 85, 84, 83, 82, 81, 80, 79, 78, 77, 76, 75, 74, 73, 72, 71, 70, 69, 68, 67, 66, 65, 64, 63, 62, 21, 60, 59, 58, 57, 56, 55, 54, 53, 52, 51, 50, 49, 48, 47, 46, 45, 44, 43, 42, 41, 40, 39, 38, 37, 16, 91, 34, 33, 32, 31, 30, 29, 28, 1, 2, 3, 4, 5, 6, 7, 8, 9, 36, 11, 12, 13, 14, 25, 10, 17, 18, 19, 20, 35, 22, 23, 24, 61, 26, 27]"
video_5714,"[61, 14, 15, 16, 17, 18, 19, 20, 21, 22, 23, 24, 1, 2, 3, 4, 5, 6, 7, 8, 9, 10, 11, 12, 36, 35, 34, 33, 32, 31, 30, 29, 28, 27, 26, 25, 51, 52, 53, 54, 55, 56, 57, 58, 59, 60, 13, 62, 50, 49, 48, 47, 46, 45, 44, 43, 42, 41, 37, 38, 39, 40]"
video_5715,"[88, 89, 90, 91, 92, 93, 94, 95, 96, 28, 98, 99, 100, 101, 102, 103, 104, 105, 106, 107, 108, 109, 110, 111, 112, 113, 114, 115, 116, 87, 86, 85, 97, 83, 82, 81, 80, 79, 78, 77, 76, 75, 74, 73, 72, 84, 70, 69, 68, 67, 66, 65, 64, 63, 62, 61, 60, 59, 1, 2, 4, 3, 5, 6, 7, 71, 9, 10, 11, 12, 13, 14, 15, 16, 17, 18, 19, 20, 21, 22, 23, 24, 25, 26, 27, 8, 29, 58, 57, 56, 55, 54, 53, 50, 51, 33, 49, 48, 47, 46, 45, 44, 43, 42, 41, 40, 39, 38, 37, 36, 35, 34, 30, 32, 31, 52]"
video_5716,"[94, 93, 92, 91, 110, 89, 88, 87, 86, 85, 84, 83, 82, 81, 80, 79, 78, 77, 76, 75, 74, 73, 72, 71, 70, 69, 68, 67, 66, 7, 64, 63, 95, 96, 97, 98, 99, 100, 101, 102, 103, 105, 104, 106, 107, 108, 109, 53, 111, 112, 113, 114, 40, 116, 117, 118, 119, 120, 122, 121, 123, 124, 125, 62, 61, 60, 59, 58, 57, 56, 55, 54, 115, 52, 51, 13, 49, 48, 47, 46, 45, 44, 43, 42, 41, 14, 39, 38, 37, 36, 34, 35, 33, 32, 1, 2, 3, 4, 5, 6, 50, 8, 9, 10, 11, 12, 65, 90, 15, 16, 17, 18, 19, 20, 21, 22, 23, 24, 25, 26, 27, 28, 29, 30, 31]"
video_5717,"[90, 100, 99, 102, 103, 104, 105, 106, 107, 108, 109, 110, 111, 112, 113, 114, 116, 117, 118, 119, 115, 40, 121, 122, 123, 124, 125, 126, 127, 128, 129, 130, 98, 97, 96, 95, 94, 93, 92, 91, 87, 86, 85, 84, 83, 64, 77, 81, 82, 67, 1, 2, 66, 4, 5, 6, 7, 8, 9, 18, 17, 15, 16, 25, 26, 27, 34, 35, 44, 53, 62, 63, 54, 52, 45, 43, 36, 28, 24, 19, 14, 10, 13, 11, 12, 21, 22, 20, 23, 29, 33, 37, 46, 51, 47, 38, 42, 32, 30, 31, 41, 68, 39, 48, 50, 49, 59, 58, 57, 3, 56, 60, 55, 65, 61, 120, 69, 70, 71, 79, 80, 89, 73, 88, 78, 72, 101, 76, 75, 74]"
video_5718,"[113, 114, 115, 116, 117, 108, 109, 110, 111, 112, 42, 138, 41, 122, 135, 40, 136, 34, 124, 125, 126, 77, 76, 75, 74, 73, 72, 71, 70, 24, 25, 104, 103, 86, 87, 78, 79, 80, 81, 82, 83, 84, 85, 96, 95, 94, 93, 92, 91, 90, 89, 88, 107, 106, 105, 68, 69, 67, 66, 11, 10, 17, 18, 19, 15, 16, 142, 97, 98, 99, 100, 101, 123, 121, 120, 47, 37, 137, 39, 134, 57, 29, 30, 31, 32, 119, 118, 7, 6, 5, 4, 3, 8, 9, 48, 49, 50, 26, 27, 28, 53, 54, 52, 51, 55, 56, 38, 58, 59, 60, 61, 46, 23, 22, 21, 20, 14, 13, 12, 1, 2, 62, 65, 64, 63, 127, 128, 129, 130, 131, 132, 133, 43, 139, 44, 45, 140, 141, 36, 102, 33, 35]"
video_5719,"[23, 22, 21, 20, 19, 18, 17, 16, 15, 78, 13, 12, 11, 10, 9, 8, 7, 14, 5, 4, 3, 2, 1, 92, 91, 90, 89, 88, 87, 86, 85, 84, 83, 82, 81, 80, 79, 6, 77, 76, 75, 74, 73, 72, 71, 70, 47, 48, 49, 50, 51, 52, 53, 54, 55, 56, 57, 58, 59, 60, 61, 62, 63, 64, 65, 66, 67, 45, 69, 24, 25, 26, 27, 68, 29, 30, 31, 32, 33, 34, 35, 36, 37, 38, 39, 40, 41, 42, 43, 44, 46, 28]"
video_5720,"[147, 146, 145, 144, 143, 142, 141, 72, 139, 138, 137, 136, 135, 134, 133, 132, 131, 130, 129, 128, 127, 126, 125, 124, 123, 122, 121, 120, 119, 118, 117, 116, 115, 114, 95, 112, 111, 42, 109, 108, 107, 106, 105, 104, 103, 102, 101, 100, 99, 98, 97, 96, 73, 94, 93, 92, 91, 90, 89, 88, 87, 86, 85, 84, 83, 82, 81, 80, 79, 78, 77, 76, 75, 74, 113, 4, 71, 70, 69, 68, 67, 66, 65, 64, 63, 62, 61, 60, 59, 58, 57, 56, 55, 110, 53, 52, 51, 50, 49, 48, 47, 46, 45, 44, 43, 54, 41, 40, 39, 11, 10, 9, 8, 7, 6, 5, 140, 3, 2, 1, 12, 13, 14, 15, 16, 17, 18, 19, 20, 21, 37, 38, 36, 35, 34, 33, 32, 31, 30, 29, 28, 27, 26, 24, 23, 22, 25]"
video_5721,"[68, 67, 66, 65, 64, 63, 62, 61, 60, 59, 58, 57, 56, 55, 54, 53, 52, 51, 50, 49, 48, 19, 46, 45, 44, 43, 42, 41, 40, 39, 38, 37, 36, 35, 34, 10, 9, 8, 7, 6, 5, 4, 3, 2, 1, 11, 12, 89, 14, 15, 16, 17, 18, 93, 20, 21, 22, 23, 24, 25, 26, 27, 28, 29, 30, 31, 32, 33, 69, 70, 71, 76, 73, 74, 75, 100, 77, 78, 79, 80, 81, 82, 83, 84, 85, 86, 87, 88, 13, 90, 91, 92, 47, 94, 95, 96, 97, 98, 99, 72, 101]"
video_5722,"[24, 77, 80, 38, 103, 49, 50, 51, 52, 53, 54, 107, 106, 105, 81, 23, 78, 79, 82, 22, 39, 83, 117, 37, 36, 64, 63, 62, 115, 114, 113, 61, 60, 112, 111, 110, 109, 108, 55, 56, 57, 58, 59, 84, 20, 104, 85, 18, 86, 87, 17, 16, 88, 89, 90, 15, 14, 13, 91, 21, 19, 92, 12, 11, 10, 93, 116, 65, 66, 118, 35, 94, 9, 34, 40, 67, 95, 8, 41, 68, 33, 96, 42, 69, 97, 74, 43, 32, 6, 70, 31, 98, 5, 30, 71, 44, 99, 4, 3, 2, 1, 25, 76, 26, 75, 27, 7, 73, 28, 29, 72, 45, 100, 101, 102, 48, 47, 46]"
video_5723,"[1, 2, 3, 4, 25, 6, 7, 72, 115, 10, 11, 12, 13, 14, 15, 16, 17, 18, 19, 20, 21, 22, 23, 24, 40, 26, 27, 28, 29, 30, 31, 32, 33, 34, 35, 80, 37, 38, 39, 5, 41, 42, 43, 44, 45, 46, 47, 48, 49, 50, 51, 52, 53, 54, 55, 56, 57, 58, 59, 60, 61, 62, 63, 64, 65, 66, 67, 68, 69, 70, 71, 8, 73, 74, 75, 76, 77, 78, 79, 36, 81, 82, 83, 84, 85, 86, 87, 88, 89, 90, 91, 92, 93, 94, 95, 96, 97, 98, 99, 100, 101, 102, 103, 104, 105, 106, 107, 108, 109, 110, 111, 112, 113, 114, 9, 116, 117]"
video_5724,"[22, 21, 20, 19, 4, 17, 16, 15, 14, 13, 12, 11, 10, 9, 8, 7, 6, 5, 33, 3, 2, 1, 56, 55, 54, 53, 34, 51, 50, 49, 48, 47, 46, 57, 58, 59, 60, 61, 52, 63, 64, 65, 66, 67, 23, 24, 25, 45, 44, 43, 42, 41, 40, 39, 38, 37, 36, 35, 62, 18, 32, 31, 30, 29, 28, 27, 26]"
video_5725,"[58, 57, 56, 55, 54, 53, 52, 51, 50, 49, 48, 47, 46, 107, 44, 43, 42, 41, 40, 39, 38, 37, 36, 35, 34, 33, 32, 31, 30, 29, 4, 27, 26, 72, 24, 23, 22, 21, 20, 19, 18, 17, 16, 15, 14, 13, 12, 11, 10, 9, 8, 7, 6, 5, 28, 3, 2, 1, 118, 117, 116, 115, 114, 113, 112, 111, 110, 109, 108, 45, 106, 105, 104, 103, 102, 101, 100, 99, 98, 97, 96, 95, 94, 93, 92, 91, 90, 59, 60, 61, 62, 63, 64, 65, 66, 67, 68, 69, 70, 71, 25, 73, 74, 75, 76, 77, 78, 79, 80, 81, 82, 83, 84, 85, 86, 87, 88, 89]"
video_5726,"[75, 74, 73, 72, 71, 70, 69, 68, 67, 66, 65, 28, 63, 62, 40, 30, 29, 39, 27, 26, 25, 24, 23, 22, 21, 20, 19, 18, 17, 34, 33, 32, 31, 16, 35, 36, 37, 38, 48, 57, 41, 42, 43, 44, 45, 15, 14, 13, 12, 11, 10, 9, 8, 7, 6, 5, 4, 3, 2, 1, 46, 47, 64, 49, 50, 51, 52, 53, 54, 55, 56, 61, 58, 59, 60]"
video_5727,"[70, 71, 69, 68, 67, 66, 65, 64, 62, 63, 61, 60, 59, 58, 57, 40, 41, 49, 43, 42, 51, 50, 52, 53, 44, 54, 55, 56, 39, 47, 48, 46, 45, 37, 38, 1, 2, 3, 4, 5, 7, 10, 8, 9, 6, 12, 11, 13, 15, 14, 17, 16, 18, 20, 19, 21, 22, 23, 32, 25, 26, 27, 29, 28, 30, 31, 24, 33, 34, 35, 36]"
video_5728,"[1, 2, 3, 4, 5, 6, 7, 8, 25, 10, 11, 12, 24, 26, 22, 21, 20, 19, 18, 17, 16, 15, 14, 13, 39, 40, 41, 42, 43, 44, 45, 46, 47, 48, 49, 50, 27, 23, 9, 28, 29, 30, 31, 32, 33, 34, 35, 36, 37, 38]"
video_5729,"[114, 113, 112, 111, 110, 109, 108, 107, 106, 105, 104, 103, 102, 23, 100, 99, 98, 97, 96, 95, 94, 93, 92, 91, 90, 89, 88, 87, 86, 85, 84, 48, 82, 81, 80, 101, 78, 77, 76, 75, 74, 73, 72, 71, 70, 69, 68, 67, 66, 65, 64, 63, 62, 61, 60, 59, 58, 57, 56, 54, 22, 53, 52, 51, 50, 49, 83, 47, 46, 45, 44, 43, 42, 41, 2, 39, 38, 37, 36, 35, 34, 33, 32, 31, 30, 29, 28, 27, 26, 25, 24, 79, 55, 21, 40, 1, 3, 20, 19, 18, 17, 5, 4, 6, 7, 16, 15, 14, 8, 9, 10, 11, 12, 13]"
video_5730,"[44, 43, 42, 41, 40, 39, 38, 37, 36, 35, 34, 33, 32, 31, 30, 29, 48, 27, 26, 25, 24, 23, 67, 68, 69, 70, 71, 72, 73, 74, 75, 76, 77, 78, 79, 80, 81, 82, 83, 45, 85, 88, 87, 86, 66, 65, 64, 63, 84, 61, 60, 59, 58, 57, 56, 55, 54, 53, 52, 51, 50, 49, 28, 47, 46, 62, 22, 21, 20, 19, 18, 17, 16, 15, 14, 13, 12, 11, 10, 9, 8, 7, 6, 5, 4, 3, 2, 1, 89, 90, 91, 92, 93, 94, 95, 96, 97, 98, 99, 100, 101, 102, 103, 104, 105, 106, 107, 108, 109, 110, 111, 112]"
video_5731,"[73, 74, 75, 76, 77, 78, 53, 80, 81, 82, 83, 84, 85, 86, 87, 88, 89, 90, 56, 92, 93, 94, 95, 96, 39, 98, 99, 100, 109, 102, 103, 104, 105, 106, 107, 108, 101, 110, 111, 112, 113, 114, 115, 116, 117, 118, 119, 3, 121, 122, 123, 124, 125, 126, 127, 128, 129, 130, 131, 132, 133, 134, 135, 136, 137, 138, 139, 140, 141, 142, 143, 144, 72, 71, 70, 69, 68, 67, 66, 65, 64, 63, 62, 61, 60, 59, 58, 57, 91, 55, 54, 29, 52, 51, 50, 49, 48, 47, 46, 45, 44, 43, 42, 41, 40, 97, 38, 37, 1, 2, 120, 4, 5, 6, 7, 8, 9, 10, 11, 12, 13, 14, 15, 16, 17, 18, 19, 20, 21, 22, 23, 24, 25, 26, 27, 28, 79, 30, 31, 32, 33, 34, 35, 36]"
video_5732,"[46, 45, 44, 43, 42, 41, 40, 39, 38, 37, 36, 35, 34, 33, 32, 31, 30, 29, 28, 27, 26, 25, 24, 1, 2, 3, 4, 5, 6, 7, 8, 9, 10, 11, 78, 13, 52, 15, 16, 17, 18, 19, 20, 21, 22, 23, 69, 68, 67, 66, 65, 64, 63, 62, 14, 60, 59, 58, 57, 56, 55, 54, 53, 61, 51, 50, 49, 48, 47, 94, 93, 92, 91, 90, 89, 88, 87, 86, 85, 84, 83, 82, 81, 80, 79, 12, 77, 76, 75, 73, 72, 71, 70, 74]"
video_5733,"[90, 89, 88, 87, 86, 85, 84, 101, 82, 81, 80, 79, 78, 77, 76, 75, 74, 73, 72, 71, 70, 69, 68, 67, 66, 65, 126, 63, 62, 61, 60, 59, 58, 57, 56, 55, 54, 53, 52, 51, 50, 49, 48, 47, 46, 45, 91, 92, 93, 94, 95, 96, 97, 98, 99, 100, 41, 102, 103, 104, 105, 106, 107, 108, 109, 110, 111, 64, 113, 114, 115, 116, 117, 118, 119, 120, 121, 122, 123, 124, 125, 112, 127, 128, 129, 130, 131, 132, 133, 134, 13, 2, 3, 4, 5, 6, 7, 8, 9, 10, 11, 12, 1, 14, 15, 16, 17, 18, 19, 20, 21, 22, 23, 24, 25, 26, 27, 28, 29, 30, 31, 32, 33, 34, 35, 36, 37, 38, 39, 40, 83, 42, 43, 44]"
video_5734,"[1, 2, 3, 4, 5, 6, 7, 8, 9, 10, 11, 12, 13, 14, 58, 59, 60, 61, 62, 63, 64, 65, 66, 67, 68, 69, 70, 71, 44, 45, 46, 47, 48, 49, 50, 51, 52, 53, 57, 55, 56, 54, 43, 42, 41, 40, 39, 38, 37, 36, 35, 85, 33, 32, 31, 30, 34, 84, 83, 82, 81, 80, 79, 78, 77, 76, 75, 74, 73, 72, 29, 28, 27, 26, 25, 24, 23, 22, 21, 20, 19, 18, 17, 16, 15]"
video_5735,"[69, 68, 67, 66, 65, 64, 63, 62, 61, 60, 59, 58, 57, 56, 55, 54, 53, 52, 51, 50, 49, 48, 47, 115, 111, 112, 114, 113, 110, 109, 108, 107, 106, 105, 104, 103, 102, 101, 100, 99, 98, 97, 89, 95, 94, 93, 46, 45, 44, 43, 42, 41, 40, 39, 38, 37, 36, 35, 34, 33, 79, 31, 30, 75, 28, 27, 26, 25, 24, 70, 71, 72, 73, 74, 32, 76, 77, 78, 20, 80, 81, 82, 83, 84, 85, 86, 87, 88, 96, 90, 91, 92, 23, 22, 21, 29, 19, 18, 17, 16, 15, 14, 13, 12, 11, 10, 9, 8, 7, 6, 5, 4, 3, 2, 1]"
video_5736,"[69, 27, 67, 66, 65, 64, 63, 62, 61, 60, 59, 58, 57, 56, 55, 54, 53, 52, 51, 3, 49, 48, 47, 24, 25, 18, 105, 28, 29, 30, 31, 32, 33, 34, 35, 36, 37, 38, 39, 40, 41, 42, 43, 89, 45, 46, 23, 22, 21, 20, 19, 26, 17, 16, 15, 14, 13, 12, 11, 10, 9, 8, 7, 6, 5, 4, 50, 2, 1, 95, 96, 97, 98, 99, 100, 101, 102, 103, 104, 68, 106, 107, 108, 109, 110, 111, 112, 113, 114, 115, 116, 117, 70, 71, 72, 73, 74, 75, 76, 77, 78, 79, 80, 81, 82, 83, 84, 85, 86, 87, 88, 44, 90, 91, 92, 93, 94]"
video_5737,"[1, 2, 3, 4, 5, 6, 7, 8, 24, 10, 11, 12, 13, 14, 15, 16, 17, 18, 19, 20, 9, 22, 23, 21, 25, 26, 30, 28, 29, 27, 31, 32, 33, 34, 35, 36, 37, 38, 39, 40, 41, 42, 43, 44, 45, 46, 47, 48, 49, 50, 51]"
video_5738,"[43, 10, 41, 40, 39, 38, 37, 36, 35, 34, 33, 32, 31, 30, 29, 44, 45, 46, 47, 48, 49, 50, 51, 52, 53, 54, 14, 56, 57, 71, 13, 12, 11, 42, 9, 8, 7, 6, 5, 4, 3, 2, 1, 15, 16, 17, 18, 19, 20, 21, 22, 23, 24, 25, 26, 27, 28, 58, 59, 60, 61, 62, 63, 64, 65, 66, 67, 68, 69, 70, 55]"
video_5739,"[119, 118, 117, 116, 115, 49, 50, 51, 52, 53, 54, 55, 56, 57, 58, 59, 60, 61, 62, 63, 64, 65, 66, 67, 68, 69, 70, 71, 72, 73, 74, 75, 76, 77, 78, 14, 80, 81, 21, 83, 84, 92, 5, 94, 95, 96, 97, 98, 99, 114, 113, 112, 111, 110, 100, 101, 102, 103, 104, 105, 106, 107, 108, 109, 43, 1, 2, 3, 4, 79, 6, 7, 8, 9, 10, 82, 45, 46, 47, 48, 11, 12, 13, 25, 15, 16, 17, 18, 19, 20, 44, 22, 23, 24, 93, 26, 27, 28, 29, 30, 31, 32, 33, 34, 35, 36, 37, 38, 39, 40, 41, 42, 126, 125, 124, 123, 122, 121, 120, 91, 90, 89, 88, 87, 86, 85]"
video_5740,"[98, 97, 96, 95, 94, 93, 92, 91, 26, 89, 88, 87, 86, 85, 84, 83, 82, 81, 80, 79, 78, 77, 76, 75, 74, 73, 72, 71, 70, 69, 68, 58, 66, 65, 32, 31, 30, 29, 28, 27, 25, 5, 24, 23, 22, 21, 20, 19, 18, 17, 16, 15, 14, 13, 12, 11, 67, 9, 8, 7, 6, 90, 4, 3, 2, 1, 33, 34, 35, 36, 37, 38, 39, 40, 41, 42, 43, 44, 45, 46, 47, 48, 49, 50, 51, 52, 53, 54, 55, 56, 57, 10, 59, 60, 61, 62, 63, 64]"
video_5741,"[84, 83, 82, 81, 80, 79, 78, 77, 76, 75, 6, 73, 72, 71, 70, 69, 68, 67, 66, 65, 64, 63, 62, 61, 60, 59, 58, 57, 56, 55, 54, 53, 52, 51, 50, 49, 48, 32, 46, 45, 44, 28, 1, 2, 3, 4, 5, 43, 7, 8, 9, 10, 11, 12, 13, 14, 15, 16, 17, 18, 19, 20, 21, 22, 23, 24, 25, 26, 27, 74, 29, 30, 31, 35, 33, 47, 34, 36, 37, 38, 39, 40, 41, 42]"
video_5742,"[106, 107, 19, 109, 110, 111, 126, 113, 114, 115, 42, 117, 118, 119, 120, 121, 122, 123, 124, 125, 10, 127, 128, 129, 130, 131, 132, 133, 134, 135, 136, 137, 138, 139, 140, 35, 34, 33, 32, 31, 30, 29, 28, 27, 26, 25, 24, 23, 22, 21, 20, 92, 18, 17, 16, 15, 14, 13, 12, 11, 112, 9, 8, 7, 6, 5, 4, 3, 2, 1, 71, 72, 73, 74, 49, 76, 77, 78, 79, 80, 81, 82, 83, 84, 85, 86, 87, 88, 89, 90, 91, 108, 93, 94, 95, 96, 97, 98, 99, 100, 101, 102, 103, 104, 105, 36, 37, 38, 39, 40, 41, 116, 43, 44, 45, 46, 47, 48, 75, 50, 51, 52, 53, 54, 55, 56, 57, 58, 59, 60, 61, 62, 63, 64, 65, 66, 67, 68, 69, 70]"
video_5743,"[8, 7, 54, 79, 14, 15, 10, 9, 16, 90, 13, 12, 11, 4, 3, 2, 1, 19, 18, 21, 20, 22, 23, 98, 26, 95, 93, 92, 94, 75, 76, 55, 56, 61, 62, 63, 66, 17, 60, 59, 37, 38, 39, 40, 41, 25, 50, 73, 72, 64, 67, 52, 51, 57, 58, 53, 74, 77, 78, 89, 87, 96, 24, 6, 97, 88, 91, 43, 83, 84, 82, 81, 68, 69, 65, 42, 45, 48, 46, 47, 49, 44, 71, 70, 102, 80, 85, 86, 99, 101, 100, 104, 105, 107, 106, 103, 5, 111, 112, 109, 110, 108, 113, 114, 118, 117, 120, 119, 115, 116, 28, 27, 122, 121, 33, 34, 32, 30, 29, 31, 36, 35]"
video_5744,"[1, 2, 3, 4, 7, 6, 5, 8, 9, 10, 11, 12, 13, 14, 15, 16, 17, 18, 19, 20, 21, 22, 23, 24, 25, 26, 27, 28, 29, 30, 31, 32, 33, 34, 35, 36, 37, 111, 110, 109, 108, 107, 106, 105, 104, 103, 102, 55, 100, 99, 98, 97, 96, 95, 94, 93, 92, 91, 90, 89, 88, 87, 86, 85, 84, 83, 82, 81, 80, 79, 101, 77, 76, 75, 38, 39, 40, 41, 42, 43, 61, 45, 44, 47, 48, 49, 50, 51, 52, 53, 54, 78, 56, 57, 46, 59, 60, 58, 62, 63, 64, 65, 66, 67, 68, 69, 70, 71, 72, 73, 74]"
video_5745,"[54, 55, 56, 57, 104, 59, 60, 61, 62, 63, 64, 65, 66, 67, 68, 69, 70, 71, 72, 73, 74, 75, 76, 40, 78, 79, 81, 80, 82, 84, 83, 86, 85, 87, 88, 89, 90, 91, 92, 93, 94, 95, 96, 101, 100, 102, 103, 7, 97, 98, 99, 105, 53, 52, 51, 50, 49, 11, 47, 46, 45, 43, 44, 42, 41, 48, 39, 38, 37, 36, 35, 34, 33, 32, 31, 30, 29, 28, 27, 26, 25, 24, 23, 22, 21, 20, 19, 18, 17, 16, 15, 14, 13, 77, 12, 10, 9, 8, 1, 2, 3, 4, 5, 6, 58]"
video_5746,"[75, 76, 77, 78, 79, 80, 81, 82, 83, 84, 85, 62, 87, 88, 89, 111, 91, 92, 93, 94, 95, 96, 97, 98, 23, 108, 101, 102, 103, 104, 105, 106, 107, 49, 109, 110, 112, 100, 37, 36, 35, 34, 33, 32, 31, 30, 29, 28, 27, 26, 25, 54, 24, 22, 21, 20, 19, 18, 17, 86, 15, 13, 14, 12, 11, 10, 9, 8, 7, 6, 5, 4, 2, 3, 1, 38, 39, 40, 41, 42, 43, 44, 45, 46, 47, 48, 90, 50, 51, 52, 53, 16, 55, 56, 57, 58, 59, 60, 61, 99, 63, 64, 65, 66, 67, 68, 69, 70, 71, 72, 73, 74]"
video_5747,"[22, 21, 85, 19, 18, 17, 16, 15, 14, 83, 12, 11, 10, 9, 8, 7, 6, 5, 4, 3, 2, 1, 91, 90, 89, 88, 87, 13, 20, 84, 86, 82, 81, 80, 79, 78, 77, 76, 75, 74, 73, 72, 71, 70, 23, 24, 25, 26, 27, 28, 29, 30, 31, 32, 33, 34, 35, 36, 37, 38, 60, 40, 41, 39, 43, 44, 45, 46, 47, 48, 49, 50, 51, 52, 53, 54, 55, 56, 57, 58, 59, 42, 61, 62, 63, 64, 65, 66, 67, 68, 69]"
video_5748,"[59, 60, 61, 62, 63, 64, 65, 23, 67, 68, 69, 70, 71, 72, 73, 74, 75, 76, 77, 7, 79, 80, 81, 82, 83, 84, 85, 86, 66, 88, 89, 90, 91, 92, 93, 94, 95, 96, 97, 98, 99, 100, 101, 102, 103, 104, 105, 106, 107, 108, 87, 110, 111, 112, 113, 114, 115, 58, 57, 56, 55, 54, 53, 52, 51, 50, 49, 48, 47, 46, 45, 78, 43, 42, 41, 40, 39, 38, 37, 36, 35, 34, 33, 32, 31, 30, 29, 28, 27, 26, 25, 24, 9, 22, 21, 20, 19, 18, 17, 16, 15, 14, 13, 12, 11, 10, 109, 8, 2, 6, 5, 4, 44, 3, 1]"
video_5749,"[1, 2, 3, 4, 5, 6, 7, 66, 9, 24, 11, 12, 13, 14, 15, 16, 17, 18, 19, 20, 21, 22, 23, 65, 25, 26, 27, 28, 29, 30, 31, 32, 8, 67, 68, 69, 70, 71, 72, 73, 74, 75, 76, 77, 78, 79, 80, 81, 82, 83, 84, 85, 86, 87, 88, 89, 90, 91, 92, 93, 94, 95, 96, 97, 10, 64, 63, 62, 61, 60, 59, 58, 57, 56, 55, 54, 53, 52, 51, 50, 49, 48, 47, 46, 45, 44, 43, 42, 41, 40, 39, 38, 37, 36, 35, 34, 33]"
video_5750,"[1, 2, 3, 4, 5, 6, 7, 8, 24, 10, 11, 12, 71, 14, 13, 16, 17, 18, 19, 20, 21, 22, 23, 25, 9, 26, 27, 28, 29, 30, 31, 32, 33, 34, 35, 36, 37, 38, 39, 40, 41, 42, 43, 44, 45, 46, 47, 15, 49, 50, 51, 52, 53, 54, 55, 56, 57, 58, 59, 60, 61, 62, 63, 64, 65, 66, 67, 68, 69, 70, 96, 72, 73, 74, 75, 76, 77, 78, 79, 80, 81, 82, 83, 84, 85, 86, 87, 88, 89, 90, 91, 92, 93, 94, 95, 48]"
video_5751,"[92, 91, 90, 88, 79, 80, 81, 82, 83, 84, 78, 85, 86, 87, 63, 45, 46, 47, 48, 49, 74, 75, 76, 77, 22, 21, 20, 19, 18, 17, 16, 15, 14, 23, 12, 11, 10, 73, 50, 51, 52, 53, 71, 72, 9, 8, 7, 54, 70, 69, 6, 55, 56, 67, 93, 68, 5, 4, 13, 44, 43, 95, 89, 57, 58, 59, 96, 42, 2, 1, 27, 24, 25, 26, 3, 28, 29, 30, 31, 32, 33, 34, 35, 36, 37, 38, 39, 40, 41, 60, 97, 61, 62, 98, 94, 64, 99, 100, 101, 102, 103, 104, 105, 106, 107, 108, 109, 110, 66, 65]"
video_5752,"[9, 10, 11, 12, 13, 14, 15, 16, 17, 18, 19, 20, 21, 22, 23, 24, 25, 26, 27, 28, 29, 30, 31, 32, 33, 34, 35, 36, 37, 38, 39, 40, 41, 42, 43, 44, 45, 46, 139, 138, 137, 136, 135, 134, 133, 132, 131, 130, 129, 128, 127, 126, 125, 124, 123, 122, 121, 120, 119, 118, 117, 116, 115, 114, 52, 112, 111, 110, 109, 108, 107, 106, 105, 104, 103, 102, 100, 98, 96, 95, 8, 97, 99, 101, 93, 92, 91, 90, 113, 88, 87, 86, 85, 84, 83, 59, 81, 80, 79, 78, 77, 76, 75, 74, 73, 7, 71, 70, 69, 68, 67, 66, 65, 64, 63, 62, 61, 60, 94, 58, 57, 56, 55, 54, 53, 89, 51, 50, 82, 48, 47, 1, 2, 3, 4, 5, 6, 49, 72]"
video_5753,"[67, 66, 65, 64, 63, 62, 61, 60, 59, 58, 57, 56, 55, 54, 53, 52, 51, 50, 49, 48, 47, 46, 45, 44, 43, 42, 41, 40, 39, 38, 76, 36, 35, 34, 33, 32, 31, 16, 29, 28, 27, 26, 25, 24, 23, 22, 21, 20, 19, 18, 17, 90, 15, 104, 13, 12, 11, 10, 9, 8, 7, 6, 5, 4, 3, 2, 1, 68, 69, 70, 71, 72, 73, 74, 75, 37, 120, 78, 79, 80, 81, 82, 83, 14, 85, 86, 87, 88, 89, 30, 91, 92, 93, 94, 95, 96, 97, 98, 99, 100, 77, 102, 103, 84, 105, 106, 107, 108, 109, 110, 111, 112, 113, 114, 115, 116, 117, 118, 119, 101, 121, 122, 123, 124, 125, 126, 127, 128, 129, 130, 131, 132, 133, 134]"
video_5754,"[85, 86, 63, 91, 90, 89, 88, 93, 94, 87, 82, 84, 83, 81, 80, 92, 79, 78, 73, 74, 72, 71, 70, 69, 68, 5, 77, 64, 66, 65, 62, 61, 60, 57, 58, 59, 56, 55, 49, 50, 51, 48, 47, 53, 54, 52, 45, 46, 44, 43, 42, 41, 40, 39, 37, 67, 35, 36, 34, 33, 32, 31, 30, 29, 28, 27, 25, 26, 24, 23, 22, 21, 20, 19, 18, 17, 15, 16, 14, 13, 12, 10, 11, 8, 7, 9, 38, 6, 2, 3, 4, 1, 76, 75, 95, 96, 99, 98, 97, 100, 101, 116, 115, 112, 113, 114, 110, 111, 105, 106, 107, 109, 108, 104, 103, 102]"
video_5755,"[29, 30, 31, 32, 33, 34, 35, 36, 37, 38, 39, 40, 41, 42, 43, 44, 45, 46, 47, 48, 49, 50, 51, 52, 53, 12, 55, 56, 28, 27, 26, 25, 24, 23, 22, 21, 20, 19, 18, 17, 16, 15, 14, 13, 59, 11, 10, 9, 8, 7, 6, 1, 4, 3, 2, 5, 84, 83, 82, 81, 80, 79, 78, 77, 76, 75, 74, 73, 72, 71, 70, 69, 68, 67, 66, 65, 64, 63, 62, 61, 60, 54, 58, 57]"
video_5756,"[229, 230, 231, 232, 233, 234, 235, 40, 237, 238, 239, 117, 241, 242, 243, 244, 245, 246, 247, 248, 250, 249, 251, 252, 253, 254, 255, 282, 257, 258, 259, 260, 261, 262, 263, 264, 265, 266, 267, 268, 106, 270, 271, 272, 273, 274, 275, 276, 277, 278, 279, 280, 281, 107, 283, 284, 285, 286, 287, 288, 1, 105, 3, 112, 177, 6, 7, 8, 9, 10, 11, 81, 13, 14, 15, 16, 18, 17, 19, 20, 21, 22, 23, 24, 25, 26, 27, 28, 29, 30, 240, 32, 33, 34, 35, 36, 37, 38, 39, 180, 122, 42, 43, 44, 45, 46, 47, 48, 49, 50, 51, 52, 53, 54, 55, 269, 57, 171, 170, 169, 168, 167, 166, 165, 164, 163, 162, 161, 160, 159, 158, 157, 156, 155, 154, 153, 152, 151, 150, 149, 148, 147, 146, 145, 144, 143, 142, 141, 140, 139, 138, 137, 136, 135, 134, 133, 132, 131, 130, 129, 128, 127, 126, 125, 124, 123, 31, 121, 120, 119, 118, 209, 116, 115, 228, 227, 226, 225, 224, 223, 222, 221, 220, 207, 218, 217, 216, 215, 214, 213, 212, 211, 210, 5, 208, 73, 206, 205, 204, 203, 202, 201, 200, 199, 198, 197, 196, 195, 194, 193, 192, 191, 190, 189, 188, 187, 186, 185, 184, 183, 182, 181, 61, 179, 178, 56, 176, 175, 173, 174, 4, 114, 113, 172, 111, 110, 109, 108, 236, 41, 12, 104, 103, 102, 101, 100, 99, 98, 97, 96, 95, 94, 93, 92, 91, 90, 89, 88, 87, 86, 85, 84, 83, 82, 2, 80, 79, 78, 77, 76, 75, 74, 256, 72, 71, 70, 69, 68, 67, 66, 65, 64, 63, 62, 219, 59, 60, 58]"
video_5757,"[17, 18, 19, 20, 21, 22, 23, 24, 38, 26, 27, 28, 29, 30, 31, 63, 62, 61, 60, 59, 58, 57, 56, 55, 54, 16, 13, 14, 53, 52, 10, 12, 51, 50, 49, 11, 15, 9, 8, 7, 48, 47, 6, 5, 4, 2, 1, 3, 46, 45, 44, 43, 42, 41, 40, 39, 35, 36, 37, 25, 34, 33, 32]"
video_5758,"[36, 37, 38, 39, 40, 41, 44, 45, 46, 47, 48, 49, 43, 42, 50, 51, 52, 53, 54, 55, 56, 57, 58, 59, 60, 61, 62, 63, 64, 65, 66, 67, 68, 69, 70, 34, 35, 33, 31, 32, 30, 29, 28, 27, 26, 25, 24, 23, 22, 21, 2, 19, 18, 17, 16, 15, 14, 13, 12, 11, 10, 9, 8, 7, 6, 5, 4, 3, 20, 1]"
video_5759,"[1, 31, 3, 4, 5, 6, 7, 8, 9, 10, 108, 126, 13, 14, 15, 16, 17, 18, 19, 20, 21, 22, 23, 24, 25, 26, 27, 28, 29, 30, 84, 32, 33, 34, 35, 36, 37, 38, 39, 40, 41, 42, 43, 44, 45, 11, 47, 141, 140, 139, 138, 137, 136, 135, 134, 133, 132, 131, 130, 129, 128, 127, 79, 125, 124, 123, 122, 121, 120, 119, 118, 117, 116, 115, 2, 113, 112, 111, 110, 109, 12, 107, 106, 105, 104, 103, 102, 101, 100, 99, 98, 97, 96, 82, 94, 93, 92, 91, 90, 89, 88, 87, 86, 85, 95, 83, 114, 81, 80, 46, 78, 77, 76, 75, 74, 73, 72, 71, 70, 69, 68, 67, 66, 65, 64, 63, 62, 61, 60, 59, 58, 57, 56, 55, 54, 53, 52, 51, 50, 49, 48]"
video_5760,"[31, 32, 33, 34, 35, 36, 37, 38, 88, 40, 41, 42, 43, 76, 45, 46, 47, 92, 91, 90, 89, 8, 87, 86, 85, 84, 83, 82, 81, 80, 79, 78, 62, 44, 60, 59, 58, 57, 56, 55, 54, 53, 52, 51, 50, 49, 48, 63, 61, 65, 39, 67, 68, 69, 70, 71, 72, 73, 74, 75, 64, 77, 16, 17, 18, 19, 20, 21, 22, 23, 24, 25, 26, 27, 28, 29, 30, 15, 14, 13, 12, 11, 10, 9, 66, 7, 6, 5, 4, 3, 2, 1]"
video_5761,"[28, 27, 26, 25, 24, 23, 22, 21, 20, 19, 18, 17, 16, 15, 14, 13, 12, 11, 46, 9, 8, 7, 62, 5, 4, 3, 2, 1, 115, 116, 117, 118, 6, 120, 121, 122, 123, 124, 126, 129, 127, 128, 119, 130, 131, 132, 133, 134, 135, 136, 137, 138, 139, 140, 141, 142, 114, 113, 112, 111, 110, 109, 108, 107, 106, 105, 104, 103, 102, 101, 100, 99, 98, 97, 96, 95, 94, 93, 92, 91, 10, 89, 88, 87, 29, 30, 31, 32, 33, 34, 35, 36, 37, 38, 39, 40, 41, 42, 43, 44, 45, 76, 47, 48, 49, 50, 51, 52, 53, 54, 55, 56, 90, 58, 59, 60, 61, 125, 63, 64, 65, 66, 67, 68, 69, 70, 71, 72, 73, 74, 75, 57, 77, 78, 79, 80, 81, 82, 83, 84, 85, 86]"
video_5762,"[98, 99, 100, 101, 102, 103, 104, 105, 85, 84, 83, 82, 81, 80, 79, 78, 77, 76, 75, 74, 73, 72, 71, 70, 69, 68, 67, 66, 65, 64, 63, 62, 49, 91, 90, 89, 88, 87, 86, 95, 94, 93, 97, 96, 92, 107, 109, 110, 208, 197, 137, 61, 60, 59, 58, 57, 56, 55, 54, 53, 52, 51, 192, 193, 191, 194, 195, 190, 180, 196, 188, 121, 198, 187, 108, 199, 185, 200, 201, 184, 183, 202, 182, 9, 181, 204, 189, 205, 206, 207, 112, 209, 210, 211, 212, 213, 214, 215, 216, 217, 218, 219, 220, 221, 171, 173, 172, 170, 169, 168, 167, 166, 165, 164, 163, 162, 149, 148, 147, 146, 145, 144, 143, 142, 141, 140, 139, 138, 50, 136, 135, 35, 117, 118, 119, 120, 122, 123, 124, 125, 126, 127, 128, 129, 130, 131, 132, 133, 134, 150, 151, 152, 153, 154, 155, 156, 157, 158, 159, 160, 161, 106, 175, 176, 177, 178, 179, 115, 116, 114, 113, 174, 111, 1, 2, 48, 4, 5, 6, 7, 8, 203, 10, 11, 12, 13, 14, 15, 16, 17, 18, 46, 20, 21, 22, 23, 24, 25, 26, 27, 28, 29, 30, 31, 32, 33, 34, 36, 19, 37, 38, 39, 40, 41, 42, 43, 44, 45, 47, 186, 3]"
video_5763,"[74, 75, 76, 77, 78, 79, 80, 81, 28, 83, 84, 85, 86, 45, 32, 33, 34, 35, 36, 37, 25, 26, 27, 39, 29, 30, 31, 60, 61, 62, 63, 64, 65, 66, 67, 68, 69, 70, 71, 72, 73, 46, 47, 48, 49, 50, 51, 52, 53, 54, 55, 56, 57, 58, 59, 17, 16, 15, 14, 13, 12, 11, 10, 9, 8, 7, 6, 5, 4, 87, 2, 1, 22, 3, 24, 38, 82, 40, 41, 42, 43, 44, 23, 18, 19, 20, 21]"
video_5764,"[1, 2, 3, 4, 5, 6, 7, 8, 9, 10, 11, 12, 13, 14, 15, 16, 17, 18, 19, 20, 21, 22, 23, 24, 25, 26, 27, 28, 29, 30, 31, 32, 33, 34, 35, 53, 37, 38, 39, 40, 41, 42, 43, 44, 45, 46, 47, 70, 49, 50, 51, 52, 83, 54, 55, 56, 57, 58, 59, 60, 61, 62, 63, 64, 65, 66, 67, 68, 69, 48, 71, 72, 73, 74, 75, 76, 77, 78, 79, 80, 81, 82, 36, 84, 85, 86, 87, 88, 89, 90, 91, 92, 93, 94, 95, 96, 97, 98, 99, 100, 101]"
video_5765,"[69, 68, 67, 66, 65, 64, 63, 62, 61, 60, 59, 58, 54, 55, 56, 1, 2, 3, 4, 5, 6, 7, 8, 9, 10, 11, 12, 70, 71, 13, 14, 16, 15, 72, 74, 73, 18, 17, 57, 75, 52, 53, 19, 51, 50, 49, 48, 20, 21, 22, 23, 24, 26, 25, 27, 28, 29, 30, 31, 32, 33, 34, 35, 36, 37, 38, 39, 40, 41, 42, 43, 44, 45, 46, 47]"
video_5766,"[81, 80, 79, 78, 77, 76, 70, 75, 74, 73, 142, 25, 26, 27, 28, 120, 119, 118, 33, 116, 117, 7, 32, 31, 30, 71, 113, 5, 4, 3, 2, 1, 72, 13, 145, 144, 143, 69, 68, 121, 141, 67, 66, 140, 139, 65, 138, 64, 63, 62, 137, 136, 61, 60, 82, 83, 59, 135, 84, 58, 134, 133, 57, 85, 86, 56, 132, 131, 87, 55, 88, 89, 130, 129, 54, 53, 90, 128, 127, 126, 91, 52, 51, 92, 93, 125, 124, 94, 50, 49, 95, 123, 122, 48, 96, 98, 99, 97, 24, 100, 47, 46, 45, 44, 43, 42, 41, 40, 39, 29, 14, 15, 16, 17, 18, 19, 20, 21, 22, 23, 101, 102, 103, 104, 105, 106, 107, 108, 109, 110, 111, 112, 115, 114, 36, 10, 9, 8, 34, 35, 6, 37, 38, 12, 11]"
video_5767,"[1, 2, 3, 4, 26, 6, 7, 8, 9, 10, 11, 12, 13, 14, 15, 16, 17, 30, 19, 20, 21, 22, 23, 24, 25, 53, 27, 28, 29, 5, 31, 32, 33, 69, 70, 71, 72, 73, 74, 75, 76, 77, 78, 79, 80, 81, 82, 83, 84, 85, 86, 87, 18, 89, 90, 91, 92, 93, 94, 95, 96, 97, 98, 99, 100, 101, 68, 59, 66, 65, 64, 63, 62, 61, 60, 41, 58, 57, 56, 55, 54, 88, 52, 51, 50, 49, 48, 47, 46, 45, 44, 43, 42, 67, 40, 39, 38, 37, 36, 35, 34]"
video_5768,"[63, 64, 65, 28, 67, 68, 11, 23, 71, 72, 73, 74, 75, 76, 77, 78, 79, 80, 81, 82, 83, 84, 85, 86, 87, 88, 89, 90, 91, 92, 93, 94, 95, 32, 33, 34, 35, 36, 37, 38, 39, 40, 41, 42, 43, 44, 45, 46, 47, 48, 49, 50, 51, 69, 53, 54, 55, 56, 57, 58, 59, 60, 61, 62, 31, 30, 29, 25, 27, 26, 70, 24, 66, 22, 21, 20, 19, 18, 17, 16, 15, 14, 13, 12, 52, 10, 9, 8, 7, 6, 5, 4, 3, 2, 1]"
video_5769,"[63, 134, 133, 132, 131, 130, 129, 128, 123, 126, 125, 124, 127, 122, 121, 120, 119, 118, 117, 116, 115, 114, 113, 93, 72, 110, 109, 108, 107, 106, 105, 104, 103, 102, 101, 100, 99, 98, 97, 96, 95, 94, 112, 92, 91, 90, 89, 88, 87, 86, 85, 84, 83, 82, 81, 80, 79, 78, 77, 76, 75, 74, 73, 111, 71, 51, 69, 68, 67, 135, 65, 64, 66, 62, 61, 60, 59, 58, 57, 56, 55, 54, 53, 52, 70, 50, 49, 48, 47, 46, 45, 44, 43, 42, 41, 40, 39, 38, 37, 36, 35, 34, 33, 32, 31, 30, 29, 28, 27, 26, 25, 24, 23, 22, 21, 20, 19, 18, 17, 16, 15, 14, 13, 12, 11, 10, 9, 8, 7, 6, 5, 4, 3, 2, 1]"
video_5770,"[67, 73, 3, 4, 5, 6, 7, 8, 9, 10, 11, 12, 13, 14, 15, 16, 17, 18, 60, 20, 21, 22, 23, 92, 91, 90, 89, 88, 87, 86, 85, 84, 83, 82, 81, 80, 79, 78, 77, 76, 75, 74, 56, 72, 71, 70, 24, 25, 26, 27, 28, 29, 30, 31, 32, 33, 34, 35, 36, 37, 38, 39, 40, 2, 42, 19, 44, 45, 46, 47, 48, 49, 50, 51, 52, 53, 54, 55, 41, 57, 58, 59, 1, 61, 62, 63, 64, 65, 66, 43, 68, 69]"
video_5771,"[24, 25, 26, 27, 28, 29, 30, 31, 34, 33, 23, 18, 55, 56, 57, 58, 59, 60, 61, 62, 64, 63, 65, 68, 67, 66, 69, 52, 93, 92, 91, 90, 89, 88, 87, 22, 54, 86, 85, 84, 10, 51, 53, 50, 49, 48, 47, 35, 36, 37, 38, 39, 5, 6, 4, 3, 2, 1, 46, 40, 41, 42, 43, 44, 45, 9, 70, 12, 11, 8, 7, 13, 14, 15, 16, 17, 32, 80, 79, 78, 77, 76, 75, 74, 73, 72, 71, 83, 82, 81, 21, 20, 19]"
video_5772,"[34, 33, 32, 31, 35, 36, 37, 38, 39, 40, 30, 29, 28, 27, 26, 25, 109, 23, 22, 21, 1, 2, 3, 4, 5, 6, 7, 8, 9, 47, 11, 12, 13, 10, 15, 16, 17, 18, 19, 20, 81, 82, 83, 84, 120, 86, 87, 88, 89, 90, 91, 92, 93, 94, 95, 96, 97, 98, 68, 100, 118, 42, 43, 44, 45, 46, 99, 48, 49, 50, 51, 52, 53, 54, 55, 56, 57, 58, 59, 60, 101, 102, 103, 104, 105, 106, 107, 108, 14, 110, 111, 112, 113, 114, 115, 116, 117, 85, 119, 41, 80, 79, 78, 77, 76, 75, 74, 73, 72, 71, 70, 69, 24, 67, 66, 65, 64, 63, 62, 61]"
video_5773,"[4, 5, 6, 7, 8, 3, 2, 1, 18, 19, 9, 20, 21, 22, 23, 24, 25, 26, 27, 28, 29, 30, 31, 39, 33, 34, 35, 36, 37, 38, 102, 40, 41, 42, 43, 44, 45, 46, 47, 48, 49, 50, 92, 95, 94, 93, 91, 51, 88, 96, 97, 86, 85, 87, 84, 83, 82, 81, 80, 15, 70, 69, 68, 103, 66, 65, 64, 63, 57, 58, 56, 62, 59, 60, 61, 55, 54, 53, 52, 17, 79, 14, 89, 100, 101, 78, 77, 76, 75, 74, 73, 99, 72, 90, 98, 67, 71, 104, 32, 16, 13, 12, 11, 10]"
video_5774,"[73, 72, 71, 19, 69, 68, 67, 66, 65, 64, 63, 62, 61, 60, 59, 58, 57, 56, 55, 54, 53, 51, 52, 97, 98, 99, 100, 101, 102, 103, 8, 105, 106, 107, 108, 109, 110, 111, 112, 114, 113, 115, 116, 117, 118, 119, 28, 29, 30, 31, 32, 34, 33, 35, 36, 37, 38, 39, 40, 41, 43, 42, 44, 45, 46, 47, 48, 49, 50, 95, 96, 94, 92, 93, 91, 70, 89, 88, 87, 86, 85, 84, 83, 82, 81, 80, 79, 77, 78, 76, 75, 74, 27, 26, 25, 24, 23, 22, 21, 9, 20, 18, 17, 16, 15, 14, 13, 104, 11, 10, 90, 12, 7, 6, 4, 5, 3, 2, 1]"
video_5775,"[37, 38, 39, 40, 41, 42, 43, 44, 45, 46, 47, 48, 49, 50, 51, 52, 53, 54, 18, 17, 16, 15, 14, 13, 12, 11, 10, 9, 8, 7, 6, 5, 4, 3, 2, 1, 19, 20, 21, 22, 23, 24, 25, 26, 27, 28, 29, 30, 31, 32, 33, 34, 35, 36]"
video_5776,"[81, 80, 79, 78, 122, 76, 75, 74, 73, 72, 71, 70, 69, 68, 67, 66, 65, 64, 63, 62, 61, 60, 59, 58, 57, 56, 55, 109, 110, 103, 112, 113, 114, 115, 116, 117, 118, 119, 91, 121, 120, 123, 124, 125, 126, 127, 128, 129, 130, 131, 84, 133, 134, 135, 1, 2, 3, 4, 5, 6, 7, 8, 9, 10, 11, 12, 13, 14, 15, 16, 17, 18, 19, 20, 21, 22, 23, 24, 25, 26, 27, 82, 83, 29, 85, 86, 87, 94, 89, 132, 77, 92, 93, 88, 95, 96, 97, 98, 99, 100, 101, 102, 111, 104, 105, 106, 107, 108, 28, 90, 30, 31, 32, 33, 34, 35, 36, 37, 38, 39, 40, 41, 42, 43, 44, 45, 46, 47, 48, 49, 50, 51, 52, 53, 54]"
video_5777,"[46, 47, 48, 49, 7, 51, 52, 53, 74, 55, 56, 57, 58, 59, 60, 30, 29, 28, 27, 26, 1, 24, 23, 22, 21, 20, 19, 18, 17, 16, 90, 89, 88, 87, 86, 85, 54, 83, 82, 81, 80, 79, 78, 77, 76, 50, 14, 13, 12, 11, 10, 9, 8, 25, 6, 5, 4, 3, 2, 15, 75, 44, 73, 72, 71, 70, 69, 68, 67, 66, 65, 64, 63, 62, 61, 31, 32, 33, 34, 35, 36, 37, 38, 39, 40, 41, 42, 43, 84, 45]"
video_5778,"[82, 68, 61, 53, 54, 52, 60, 67, 13, 88, 87, 86, 85, 84, 71, 70, 64, 63, 56, 55, 12, 69, 83, 30, 11, 10, 9, 17, 65, 58, 57, 59, 66, 16, 8, 14, 15, 6, 7, 81, 80, 5, 2, 3, 96, 1, 35, 36, 37, 38, 39, 47, 33, 32, 31, 4, 28, 20, 19, 99, 100, 49, 50, 41, 42, 40, 48, 29, 21, 22, 101, 102, 103, 104, 24, 23, 25, 95, 105, 18, 27, 51, 98, 97, 34, 74, 44, 46, 45, 62, 43, 94, 93, 91, 92, 90, 89, 73, 72, 26, 75, 76, 77, 78, 79]"
video_5779,"[1, 2, 3, 4, 5, 6, 7, 8, 9, 10, 11, 12, 13, 14, 15, 16, 17, 18, 19, 20, 21, 22, 23, 24, 25, 26, 27, 28, 29, 30, 31, 32, 33, 34, 35, 36, 37, 38, 39, 40, 41, 42, 63, 62, 61, 60, 59, 58, 57, 56, 55, 54, 53, 52, 51, 50, 49, 48, 47, 46, 45, 44, 43, 64, 65, 66, 67, 68, 69, 70, 71, 72, 73, 74, 75, 76, 77, 78, 79, 80, 81, 82, 83, 84, 85, 86, 87]"
video_5780,"[130, 129, 128, 65, 126, 125, 123, 124, 122, 121, 120, 119, 118, 117, 116, 115, 113, 114, 111, 112, 110, 109, 108, 107, 105, 106, 104, 103, 101, 102, 100, 99, 71, 97, 96, 95, 94, 93, 90, 92, 91, 88, 89, 87, 85, 86, 84, 83, 81, 82, 80, 79, 78, 76, 77, 75, 74, 73, 98, 17, 70, 69, 68, 67, 66, 127, 63, 64, 60, 61, 62, 59, 58, 29, 56, 57, 54, 53, 48, 49, 50, 51, 72, 45, 47, 46, 44, 43, 42, 41, 40, 38, 39, 37, 35, 36, 33, 34, 32, 31, 30, 25, 28, 26, 27, 55, 24, 23, 22, 21, 20, 19, 18, 4, 15, 16, 14, 13, 11, 12, 10, 9, 8, 5, 6, 7, 52, 3, 1, 2]"
video_5781,"[48, 47, 46, 45, 44, 43, 42, 41, 40, 39, 38, 37, 36, 35, 34, 33, 32, 31, 73, 58, 19, 27, 26, 25, 24, 94, 93, 92, 91, 90, 89, 88, 87, 86, 85, 84, 28, 82, 81, 80, 79, 78, 77, 76, 75, 74, 3, 72, 23, 22, 21, 20, 29, 18, 17, 16, 15, 51, 13, 12, 11, 10, 9, 8, 7, 6, 5, 4, 14, 2, 1, 49, 50, 30, 52, 53, 54, 55, 56, 57, 83, 59, 60, 61, 62, 63, 64, 65, 66, 67, 68, 69, 70, 71, 95, 96, 97, 98, 99, 100, 101, 102, 103, 104, 105, 106, 107, 108, 109, 110, 111, 112, 113, 114, 115, 116, 117]"
video_5782,"[38, 37, 39, 40, 67, 66, 75, 74, 73, 72, 69, 68, 70, 71, 41, 42, 1, 2, 55, 56, 57, 58, 59, 54, 53, 3, 4, 61, 60, 52, 5, 6, 62, 76, 77, 36, 35, 65, 64, 51, 50, 21, 7, 63, 78, 79, 34, 33, 32, 23, 22, 49, 48, 8, 20, 19, 80, 82, 81, 18, 83, 84, 10, 9, 24, 31, 30, 25, 26, 46, 47, 11, 12, 17, 85, 86, 16, 15, 14, 13, 43, 44, 45, 27, 29, 28]"
video_5783,"[71, 72, 73, 74, 75, 76, 77, 133, 79, 80, 81, 82, 83, 84, 85, 86, 43, 88, 89, 90, 91, 92, 93, 94, 95, 96, 97, 98, 99, 100, 101, 102, 103, 104, 10, 137, 107, 108, 109, 110, 6, 112, 113, 114, 115, 116, 117, 118, 119, 120, 121, 122, 123, 124, 125, 126, 127, 128, 129, 130, 131, 132, 134, 78, 135, 136, 106, 138, 139, 140, 70, 69, 68, 67, 66, 65, 64, 63, 62, 61, 60, 59, 58, 57, 56, 55, 54, 53, 52, 51, 50, 49, 48, 47, 46, 45, 44, 87, 42, 41, 40, 39, 38, 37, 36, 35, 34, 33, 32, 31, 30, 29, 28, 27, 26, 25, 24, 23, 22, 21, 20, 19, 18, 17, 16, 15, 14, 13, 12, 111, 105, 9, 8, 7, 11, 5, 4, 3, 2, 1]"
video_5784,"[23, 24, 25, 26, 27, 28, 29, 30, 31, 32, 33, 51, 35, 36, 37, 38, 39, 40, 41, 42, 43, 44, 88, 87, 86, 34, 84, 83, 82, 81, 80, 79, 78, 77, 61, 75, 74, 73, 72, 71, 70, 69, 68, 67, 1, 2, 3, 4, 5, 6, 7, 8, 9, 10, 11, 12, 13, 14, 15, 16, 17, 18, 19, 20, 85, 22, 66, 65, 64, 63, 62, 76, 60, 59, 58, 57, 56, 55, 54, 53, 52, 21, 50, 49, 48, 47, 46, 45]"
video_5785,"[24, 23, 22, 21, 20, 19, 7, 8, 9, 10, 11, 12, 13, 14, 15, 16, 17, 18, 25, 26, 27, 28, 29, 30, 1, 2, 3, 4, 5, 6]"
video_5786,"[52, 28, 50, 49, 48, 47, 46, 45, 44, 43, 42, 41, 40, 39, 38, 37, 36, 35, 34, 33, 32, 31, 30, 29, 51, 27, 1, 2, 3, 4, 5, 6, 7, 8, 9, 10, 11, 12, 13, 14, 15, 16, 17, 18, 19, 20, 21, 22, 23, 24, 25, 26, 53, 54, 55, 56, 57, 58, 59, 60, 61, 62, 63, 64, 65, 66, 67, 68, 69, 70, 71, 72, 73, 74, 75, 76, 77, 78, 79]"
video_5787,"[71, 72, 135, 74, 75, 97, 77, 78, 79, 80, 81, 82, 83, 84, 85, 86, 87, 88, 89, 90, 76, 92, 93, 94, 95, 96, 10, 98, 99, 100, 101, 102, 103, 104, 105, 106, 107, 108, 109, 110, 111, 112, 113, 114, 115, 116, 117, 118, 119, 120, 121, 122, 123, 124, 125, 126, 127, 128, 129, 130, 131, 132, 133, 134, 2, 136, 137, 138, 139, 70, 69, 4, 67, 66, 65, 64, 63, 62, 61, 60, 59, 58, 57, 56, 55, 54, 91, 52, 51, 50, 53, 48, 47, 46, 45, 44, 43, 42, 41, 40, 39, 38, 37, 36, 35, 34, 33, 32, 31, 30, 29, 28, 27, 26, 25, 24, 23, 22, 21, 20, 19, 18, 17, 16, 15, 14, 13, 12, 68, 49, 9, 8, 7, 6, 5, 11, 3, 73, 1]"
video_5788,"[71, 72, 73, 19, 75, 76, 77, 78, 79, 80, 81, 82, 83, 84, 85, 86, 87, 8, 89, 90, 91, 92, 93, 94, 95, 96, 97, 98, 99, 88, 101, 102, 103, 104, 105, 106, 1, 2, 3, 4, 5, 6, 7, 100, 9, 10, 11, 12, 13, 14, 15, 16, 17, 18, 30, 20, 21, 22, 23, 24, 25, 26, 27, 28, 29, 74, 31, 32, 33, 34, 35, 36, 37, 38, 39, 40, 41, 42, 43, 44, 45, 46, 47, 48, 49, 50, 51, 52, 53, 54, 55, 56, 57, 58, 59, 60, 61, 62, 63, 64, 65, 66, 67, 68, 69, 70]"
video_5789,"[61, 60, 59, 58, 57, 56, 55, 54, 53, 52, 51, 50, 49, 48, 47, 46, 45, 44, 43, 42, 41, 101, 100, 99, 98, 97, 96, 95, 94, 93, 92, 91, 83, 89, 88, 87, 86, 85, 84, 40, 82, 20, 19, 18, 17, 16, 15, 14, 13, 12, 11, 10, 9, 8, 7, 6, 5, 4, 3, 2, 1, 62, 63, 70, 65, 66, 67, 68, 69, 64, 71, 72, 73, 74, 26, 76, 77, 78, 79, 80, 81, 21, 22, 23, 24, 25, 75, 27, 28, 29, 30, 31, 32, 33, 34, 35, 36, 37, 38, 39, 90]"
video_5790,"[44, 43, 42, 41, 40, 39, 38, 37, 36, 35, 34, 33, 32, 31, 30, 29, 28, 27, 26, 25, 24, 23, 22, 21, 20, 19, 18, 17, 58, 57, 56, 55, 54, 53, 52, 51, 50, 49, 48, 47, 46, 45, 59, 60, 61, 9, 63, 64, 65, 66, 67, 68, 69, 70, 71, 72, 1, 2, 3, 4, 5, 6, 7, 8, 62, 10, 11, 12, 13, 14, 15, 16]"
video_5791,"[1, 2, 3, 4, 5, 6, 7, 8, 9, 10, 11, 12, 13, 14, 15, 16, 17, 18, 19, 20, 21, 22, 85, 24, 25, 48, 27, 28, 29, 30, 31, 32, 33, 34, 35, 36, 37, 38, 115, 114, 113, 112, 111, 110, 109, 108, 107, 106, 105, 104, 103, 102, 101, 26, 99, 98, 97, 96, 95, 94, 93, 92, 91, 90, 89, 88, 87, 86, 39, 84, 83, 82, 81, 80, 79, 78, 23, 43, 41, 42, 40, 44, 45, 46, 47, 100, 49, 50, 51, 52, 53, 54, 55, 56, 57, 58, 59, 60, 61, 62, 63, 64, 65, 66, 67, 68, 69, 70, 71, 72, 73, 74, 75, 76, 77]"
video_5792,"[30, 29, 28, 27, 26, 25, 24, 23, 22, 21, 20, 19, 18, 17, 16, 15, 14, 13, 12, 11, 8, 9, 10, 7, 6, 5, 4, 3, 2, 1, 60, 59, 58, 57, 56, 55, 54, 53, 52, 51, 50, 49, 48, 46, 47, 45, 44, 43, 42, 41, 40, 39, 38, 37, 36, 35, 34, 33, 32, 31, 90, 89, 88, 87, 86, 85, 84, 83, 82, 81, 80, 79, 77, 76, 78, 75, 74, 73, 72, 71, 70, 69, 68, 67, 66, 65, 64, 63, 62, 61]"
video_5793,"[1, 2, 3, 4, 5, 6, 7, 8, 9, 10, 11, 12, 13, 14, 15, 16, 17, 18, 33, 20, 21, 22, 23, 53, 25, 55, 27, 28, 29, 30, 31, 32, 26, 34, 35, 36, 37, 38, 39, 40, 41, 42, 43, 44, 45, 46, 47, 48, 49, 50, 51, 52, 24, 54, 19, 56, 57, 58, 59, 60]"
video_5794,"[145, 122, 143, 142, 141, 140, 139, 138, 137, 136, 135, 2, 133, 132, 131, 130, 129, 128, 127, 126, 125, 124, 123, 65, 121, 120, 119, 118, 117, 116, 115, 114, 113, 112, 111, 110, 109, 108, 107, 106, 105, 104, 103, 102, 101, 100, 99, 98, 97, 96, 95, 94, 93, 92, 91, 90, 89, 88, 87, 86, 85, 84, 83, 82, 81, 80, 79, 78, 77, 76, 75, 74, 1, 134, 3, 4, 5, 6, 7, 8, 9, 10, 11, 12, 13, 144, 34, 16, 17, 15, 19, 20, 21, 22, 23, 24, 25, 26, 27, 28, 18, 30, 31, 32, 33, 50, 35, 36, 37, 38, 39, 40, 41, 42, 43, 44, 45, 46, 47, 48, 49, 29, 51, 52, 53, 54, 55, 56, 57, 58, 59, 60, 61, 62, 63, 64, 14, 66, 67, 68, 69, 70, 71, 72, 73]"
video_5795,"[100, 99, 98, 97, 96, 95, 94, 93, 92, 91, 90, 89, 2, 87, 86, 85, 84, 83, 3, 81, 80, 79, 78, 77, 76, 75, 74, 47, 72, 88, 70, 69, 68, 67, 66, 65, 64, 63, 62, 61, 60, 59, 58, 82, 56, 55, 54, 53, 52, 51, 50, 57, 48, 49, 46, 45, 44, 43, 42, 41, 40, 39, 38, 37, 36, 35, 34, 33, 32, 31, 30, 29, 28, 27, 26, 25, 24, 23, 22, 21, 20, 19, 18, 17, 16, 15, 14, 13, 12, 11, 10, 9, 8, 7, 6, 5, 4, 73, 71, 1]"
video_5796,"[71, 72, 73, 74, 75, 76, 77, 78, 129, 80, 81, 82, 83, 84, 85, 86, 87, 88, 89, 90, 91, 92, 93, 94, 95, 109, 97, 98, 99, 100, 14, 102, 103, 104, 105, 106, 107, 108, 19, 110, 111, 112, 113, 114, 115, 116, 79, 118, 119, 120, 121, 122, 123, 124, 125, 126, 127, 128, 5, 130, 131, 132, 133, 134, 135, 136, 137, 138, 139, 140, 70, 69, 68, 67, 66, 65, 64, 63, 62, 61, 60, 59, 58, 57, 56, 55, 54, 53, 52, 51, 50, 49, 48, 47, 46, 45, 44, 43, 42, 41, 40, 39, 38, 37, 36, 35, 34, 33, 32, 31, 30, 29, 28, 27, 26, 25, 24, 23, 22, 21, 20, 101, 18, 17, 16, 15, 96, 13, 12, 11, 10, 9, 8, 7, 6, 117, 4, 3, 2, 1]"
video_5797,"[57, 58, 124, 123, 122, 121, 120, 119, 118, 117, 116, 115, 114, 89, 90, 91, 92, 93, 94, 95, 96, 97, 98, 59, 60, 61, 62, 63, 64, 65, 66, 88, 87, 86, 85, 100, 83, 82, 81, 80, 79, 78, 77, 68, 75, 74, 73, 72, 71, 70, 69, 112, 84, 22, 18, 19, 33, 21, 45, 46, 47, 48, 67, 50, 51, 52, 53, 54, 55, 56, 49, 99, 125, 126, 127, 128, 129, 130, 131, 132, 133, 134, 135, 23, 24, 25, 26, 27, 28, 29, 30, 31, 32, 20, 34, 35, 36, 37, 38, 39, 40, 41, 42, 43, 44, 1, 2, 3, 4, 5, 6, 7, 8, 9, 10, 11, 12, 101, 102, 103, 104, 105, 106, 107, 108, 109, 110, 111, 76, 113, 17, 16, 15, 14, 13]"
video_5798,"[29, 30, 31, 32, 33, 34, 35, 36, 37, 38, 79, 40, 41, 42, 43, 44, 45, 46, 47, 48, 49, 50, 51, 17, 53, 54, 55, 56, 57, 58, 59, 60, 61, 62, 63, 64, 65, 66, 67, 68, 69, 52, 71, 72, 73, 74, 75, 76, 77, 78, 82, 80, 81, 20, 83, 84, 85, 86, 1, 2, 3, 4, 5, 6, 7, 39, 9, 10, 11, 12, 13, 14, 15, 16, 70, 18, 19, 8, 21, 22, 23, 24, 25, 26, 27, 28]"
video_5799,"[120, 121, 122, 68, 124, 41, 126, 127, 128, 129, 130, 131, 132, 133, 134, 135, 136, 137, 138, 139, 140, 141, 142, 46, 45, 44, 43, 42, 125, 40, 83, 38, 37, 36, 35, 34, 33, 32, 31, 30, 29, 28, 27, 58, 25, 24, 74, 75, 76, 77, 78, 79, 80, 73, 82, 81, 84, 85, 86, 87, 88, 89, 90, 91, 92, 93, 94, 95, 96, 23, 22, 21, 20, 19, 18, 17, 16, 15, 14, 13, 12, 11, 10, 9, 8, 7, 39, 5, 4, 3, 2, 1, 97, 98, 99, 100, 101, 102, 103, 104, 105, 106, 107, 108, 109, 110, 111, 112, 113, 114, 115, 116, 117, 118, 119, 6, 72, 71, 70, 69, 123, 67, 66, 65, 64, 63, 62, 61, 60, 59, 26, 57, 56, 55, 54, 53, 52, 51, 50, 49, 48, 47]"
video_5800,"[70, 69, 68, 65, 64, 63, 62, 61, 14, 59, 58, 55, 54, 53, 56, 57, 52, 51, 50, 49, 48, 47, 46, 45, 37, 43, 42, 41, 36, 91, 38, 39, 40, 66, 67, 60, 104, 103, 101, 102, 100, 99, 98, 97, 96, 94, 95, 93, 92, 29, 89, 90, 88, 86, 87, 84, 85, 83, 82, 81, 80, 105, 78, 76, 77, 75, 74, 73, 72, 71, 35, 34, 33, 32, 31, 30, 12, 28, 27, 26, 25, 24, 23, 22, 21, 20, 19, 18, 17, 16, 15, 79, 13, 44, 11, 10, 9, 8, 7, 6, 5, 4, 3, 2, 1, 142, 141, 140, 139, 138, 137, 136, 135, 134, 133, 132, 131, 130, 129, 128, 127, 126, 125, 124, 123, 122, 121, 120, 119, 118, 117, 116, 115, 114, 113, 112, 111, 110, 109, 108, 107, 106]"
video_5801,"[27, 128, 30, 109, 31, 32, 33, 34, 35, 36, 37, 38, 40, 39, 41, 42, 43, 44, 45, 46, 47, 48, 49, 50, 51, 52, 78, 76, 77, 75, 74, 73, 72, 71, 28, 69, 68, 67, 66, 65, 64, 63, 113, 62, 60, 59, 58, 57, 56, 55, 54, 53, 107, 108, 61, 110, 111, 6, 89, 114, 115, 116, 117, 118, 119, 120, 121, 122, 123, 124, 125, 126, 127, 112, 129, 130, 131, 132, 26, 25, 24, 23, 22, 70, 20, 19, 18, 17, 16, 15, 14, 13, 12, 10, 11, 9, 8, 7, 21, 5, 4, 3, 2, 1, 106, 105, 104, 103, 102, 101, 100, 99, 98, 97, 96, 95, 94, 93, 92, 91, 90, 29, 88, 87, 86, 85, 84, 83, 81, 82, 80, 79]"
video_5802,"[98, 97, 96, 95, 94, 93, 92, 91, 90, 89, 87, 88, 86, 85, 84, 83, 34, 81, 44, 79, 78, 77, 76, 75, 106, 73, 72, 71, 69, 70, 68, 67, 66, 65, 64, 63, 62, 61, 60, 59, 58, 57, 56, 55, 54, 52, 53, 51, 50, 49, 48, 47, 46, 45, 6, 43, 42, 41, 104, 39, 38, 37, 36, 35, 4, 32, 33, 31, 30, 29, 28, 27, 26, 25, 24, 23, 22, 21, 20, 19, 17, 18, 16, 14, 15, 13, 12, 11, 9, 10, 8, 7, 74, 125, 5, 2, 3, 1, 99, 100, 101, 102, 103, 105, 40, 80, 107, 108, 110, 109, 112, 111, 113, 114, 115, 116, 117, 118, 119, 120, 121, 122, 123, 124, 82, 127, 126, 128, 129, 130, 131, 132, 133, 134, 135, 137, 136, 138, 139, 140, 141, 142, 143, 144, 145, 146]"
video_5803,"[49, 50, 51, 52, 53, 54, 55, 56, 57, 58, 59, 17, 61, 62, 63, 64, 69, 66, 65, 68, 142, 70, 71, 72, 25, 26, 27, 28, 29, 30, 31, 32, 33, 34, 35, 36, 37, 93, 39, 40, 41, 42, 43, 44, 45, 38, 47, 48, 73, 74, 75, 76, 77, 78, 79, 80, 81, 82, 83, 84, 85, 86, 87, 88, 89, 90, 92, 96, 100, 97, 98, 99, 95, 94, 46, 91, 102, 101, 107, 108, 109, 110, 111, 112, 113, 114, 115, 116, 117, 118, 119, 120, 1, 2, 3, 4, 5, 6, 7, 8, 9, 10, 11, 12, 13, 14, 15, 16, 60, 18, 19, 20, 21, 22, 23, 24, 144, 145, 143, 128, 141, 140, 139, 138, 137, 136, 124, 134, 133, 132, 131, 130, 129, 67, 127, 126, 125, 135, 123, 122, 121, 106, 105, 104, 103]"
video_5804,"[2, 3, 4, 5, 6, 7, 8, 9, 10, 11, 12, 13, 14, 16, 15, 47, 48, 49, 50, 51, 52, 53, 54, 55, 56, 57, 58, 59, 60, 61, 32, 33, 34, 35, 36, 37, 38, 39, 40, 41, 42, 43, 44, 45, 46, 17, 18, 19, 20, 21, 22, 23, 24, 25, 26, 27, 28, 29, 30, 31, 1]"
video_5805,"[16, 79, 80, 81, 82, 18, 17, 83, 19, 77, 21, 22, 23, 24, 84, 29, 26, 27, 28, 56, 55, 54, 53, 52, 51, 50, 49, 48, 47, 46, 45, 44, 30, 31, 91, 90, 89, 88, 87, 86, 85, 42, 68, 6, 5, 4, 103, 106, 104, 105, 92, 8, 43, 32, 59, 60, 61, 62, 111, 110, 109, 97, 96, 40, 69, 38, 37, 98, 63, 112, 99, 113, 108, 95, 41, 58, 94, 107, 57, 66, 93, 20, 71, 25, 13, 76, 72, 75, 74, 73, 9, 10, 11, 12, 64, 1, 100, 36, 35, 101, 65, 2, 78, 14, 15, 3, 39, 7, 70, 67, 102, 33, 34]"
video_5806,"[59, 60, 61, 62, 63, 64, 93, 66, 67, 68, 69, 70, 71, 72, 73, 74, 75, 76, 77, 78, 79, 80, 81, 82, 83, 84, 85, 86, 87, 49, 115, 114, 113, 112, 111, 110, 109, 108, 107, 106, 17, 104, 103, 102, 101, 100, 99, 41, 97, 96, 95, 94, 65, 92, 91, 90, 89, 88, 29, 28, 27, 26, 25, 24, 23, 22, 21, 20, 19, 18, 3, 16, 15, 14, 13, 12, 11, 10, 9, 8, 7, 6, 5, 4, 105, 2, 1, 30, 31, 32, 33, 34, 35, 36, 37, 38, 39, 40, 98, 42, 43, 44, 45, 46, 47, 48, 116, 50, 51, 52, 53, 54, 55, 56, 57, 58]"
video_5807,"[33, 34, 51, 35, 64, 38, 39, 40, 41, 42, 43, 44, 45, 46, 47, 48, 49, 32, 31, 30, 29, 28, 27, 26, 25, 24, 23, 22, 21, 20, 19, 18, 17, 1, 2, 3, 4, 5, 6, 7, 8, 9, 10, 11, 12, 13, 14, 15, 37, 81, 80, 79, 78, 77, 76, 75, 74, 73, 72, 71, 70, 69, 68, 67, 66, 50, 36, 52, 53, 55, 54, 56, 57, 58, 59, 60, 61, 62, 63, 16, 65]"
video_5808,"[76, 77, 78, 79, 80, 99, 82, 83, 84, 58, 86, 87, 88, 89, 90, 91, 92, 93, 94, 95, 96, 97, 98, 6, 100, 50, 49, 81, 47, 46, 45, 44, 43, 42, 41, 40, 39, 38, 37, 1, 35, 34, 33, 32, 31, 30, 29, 28, 27, 26, 101, 102, 103, 104, 105, 127, 107, 108, 109, 110, 111, 112, 113, 114, 115, 116, 117, 118, 119, 120, 121, 122, 123, 124, 125, 75, 74, 73, 72, 71, 70, 69, 68, 67, 66, 65, 64, 63, 62, 61, 60, 59, 54, 9, 56, 55, 36, 53, 52, 51, 25, 24, 23, 22, 21, 20, 19, 18, 17, 16, 15, 14, 13, 12, 11, 10, 85, 8, 7, 106, 5, 4, 3, 2, 57, 126, 48, 128, 129, 130, 131, 132, 133, 134, 135, 136, 137, 138, 139, 140, 141, 142, 143, 144, 145, 146, 147, 148, 149, 150]"
video_5809,"[63, 64, 65, 66, 67, 38, 69, 70, 71, 119, 73, 74, 75, 76, 77, 78, 79, 80, 81, 82, 83, 84, 85, 86, 87, 88, 89, 90, 91, 92, 93, 94, 95, 96, 97, 98, 99, 100, 101, 102, 103, 104, 105, 106, 107, 108, 109, 110, 111, 112, 113, 114, 115, 116, 117, 118, 52, 120, 121, 122, 123, 1, 2, 3, 4, 5, 6, 7, 8, 9, 10, 11, 12, 13, 14, 19, 18, 15, 16, 17, 22, 20, 21, 23, 24, 25, 26, 27, 28, 29, 42, 39, 40, 41, 68, 43, 30, 31, 32, 34, 33, 35, 36, 37, 44, 45, 46, 47, 48, 49, 50, 51, 72, 53, 54, 55, 56, 57, 58, 59, 60, 61, 62]"
video_5810,"[37, 38, 39, 40, 41, 42, 43, 44, 45, 46, 47, 49, 50, 51, 104, 53, 54, 55, 56, 57, 58, 59, 60, 61, 62, 125, 124, 123, 122, 25, 72, 99, 97, 95, 96, 98, 100, 102, 103, 105, 106, 107, 108, 109, 110, 2, 112, 113, 115, 117, 119, 121, 120, 118, 116, 114, 48, 34, 36, 35, 33, 32, 31, 30, 29, 28, 27, 85, 101, 24, 23, 22, 21, 20, 19, 18, 17, 16, 15, 14, 13, 12, 11, 10, 9, 8, 7, 6, 52, 4, 3, 68, 1, 94, 93, 92, 91, 90, 89, 88, 87, 86, 111, 84, 83, 82, 81, 80, 79, 78, 77, 76, 75, 74, 73, 5, 71, 70, 69, 26, 67, 66, 65, 64, 63]"
video_5811,"[1, 36, 3, 4, 5, 13, 7, 8, 9, 10, 11, 2, 6, 56, 55, 54, 53, 52, 51, 50, 49, 48, 47, 46, 45, 44, 69, 68, 67, 66, 65, 64, 63, 62, 61, 60, 59, 58, 57, 12, 32, 33, 34, 35, 31, 37, 38, 39, 40, 41, 42, 43, 14, 15, 16, 17, 18, 19, 20, 21, 22, 23, 24, 25, 26, 27, 28, 29, 30]"
video_5812,"[30, 38, 27, 28, 35, 43, 51, 71, 42, 44, 37, 36, 46, 52, 53, 54, 45, 87, 103, 68, 67, 100, 84, 85, 101, 66, 83, 13, 60, 47, 122, 119, 118, 116, 115, 110, 61, 77, 78, 79, 95, 62, 109, 75, 92, 93, 76, 108, 59, 58, 107, 91, 86, 102, 69, 88, 70, 104, 89, 117, 57, 106, 74, 90, 73, 105, 72, 56, 55, 48, 32, 40, 33, 49, 50, 31, 41, 39, 112, 29, 26, 23, 21, 9, 7, 6, 19, 4, 1, 15, 14, 12, 94, 8, 22, 125, 123, 5, 20, 124, 126, 111, 96, 63, 114, 99, 65, 82, 80, 34, 113, 97, 81, 98, 64, 120, 121, 16, 18, 3, 2, 17, 128, 127, 129, 11, 10, 24, 25]"
video_5813,"[18, 17, 16, 15, 14, 13, 12, 11, 10, 9, 8, 7, 6, 5, 4, 3, 2, 1, 36, 35, 34, 33, 32, 31, 30, 29, 28, 27, 26, 25, 24, 50, 22, 20, 19, 59, 58, 21, 60, 61, 62, 63, 64, 65, 66, 67, 68, 69, 70, 71, 72, 73, 74, 75, 37, 38, 39, 40, 41, 42, 43, 44, 45, 46, 47, 48, 49, 23, 51, 52, 53, 54, 55, 56, 57]"
video_5814,"[126, 59, 62, 60, 61, 57, 56, 21, 54, 53, 52, 101, 50, 49, 48, 47, 46, 45, 44, 43, 42, 39, 38, 35, 34, 33, 32, 31, 30, 29, 28, 27, 26, 25, 24, 23, 22, 116, 20, 19, 18, 17, 16, 15, 14, 13, 12, 11, 10, 9, 8, 7, 6, 58, 4, 3, 2, 1, 37, 125, 124, 123, 122, 121, 120, 119, 118, 117, 51, 115, 114, 113, 112, 111, 110, 109, 108, 107, 106, 105, 104, 103, 102, 77, 100, 98, 97, 99, 96, 95, 94, 93, 92, 91, 90, 89, 88, 87, 86, 85, 84, 83, 82, 81, 80, 79, 78, 55, 76, 75, 74, 73, 72, 71, 70, 69, 68, 67, 66, 65, 64, 63, 41, 40, 36, 5]"
video_5815,"[91, 92, 93, 94, 95, 96, 97, 90, 99, 100, 101, 102, 103, 104, 98, 106, 107, 108, 109, 10, 111, 112, 113, 65, 115, 116, 117, 118, 119, 120, 61, 62, 63, 64, 114, 66, 49, 68, 69, 70, 71, 72, 73, 67, 76, 75, 77, 78, 79, 80, 82, 81, 83, 84, 85, 86, 87, 88, 89, 105, 60, 59, 58, 57, 56, 55, 54, 53, 52, 51, 50, 74, 48, 47, 46, 45, 44, 43, 42, 41, 39, 40, 38, 37, 36, 35, 33, 34, 32, 31, 30, 29, 28, 27, 26, 25, 24, 23, 22, 21, 20, 19, 18, 17, 16, 15, 14, 13, 12, 11, 6, 9, 8, 7, 110, 5, 4, 3, 2, 1]"
video_5816,"[53, 78, 55, 56, 57, 58, 59, 60, 61, 62, 63, 64, 65, 13, 12, 11, 10, 9, 8, 7, 6, 5, 4, 3, 2, 1, 39, 38, 37, 36, 35, 34, 33, 32, 31, 30, 29, 28, 27, 40, 77, 76, 75, 74, 73, 72, 71, 70, 69, 68, 67, 66, 52, 51, 50, 49, 48, 47, 46, 45, 44, 26, 42, 41, 54, 14, 15, 16, 17, 18, 19, 20, 21, 22, 23, 24, 25, 43]"
video_5817,"[111, 112, 109, 27, 110, 113, 28, 114, 115, 116, 117, 118, 119, 120, 121, 5, 123, 124, 125, 126, 127, 128, 129, 130, 131, 132, 133, 134, 30, 31, 32, 34, 59, 29, 35, 36, 37, 63, 39, 40, 41, 42, 15, 44, 45, 46, 47, 48, 49, 50, 51, 52, 26, 25, 24, 23, 22, 21, 20, 19, 18, 17, 16, 54, 14, 13, 12, 11, 10, 9, 8, 7, 6, 88, 4, 3, 2, 1, 83, 84, 85, 86, 87, 122, 89, 90, 91, 92, 93, 94, 95, 96, 97, 98, 99, 100, 101, 102, 103, 104, 105, 106, 107, 108, 82, 81, 80, 79, 78, 77, 76, 75, 74, 73, 72, 71, 70, 69, 68, 67, 66, 65, 64, 38, 62, 61, 60, 43, 58, 57, 56, 55, 33, 53]"
video_5818,"[45, 46, 47, 48, 49, 50, 51, 52, 1, 54, 36, 56, 57, 58, 59, 60, 61, 62, 63, 64, 65, 66, 67, 68, 69, 70, 71, 72, 73, 74, 75, 76, 77, 78, 79, 80, 81, 82, 83, 85, 53, 86, 87, 88, 44, 43, 42, 96, 40, 39, 38, 37, 55, 35, 34, 33, 32, 31, 30, 29, 28, 27, 26, 25, 24, 23, 22, 21, 20, 19, 18, 17, 16, 15, 14, 13, 12, 11, 10, 9, 8, 7, 6, 5, 4, 3, 2, 92, 89, 90, 91, 84, 93, 94, 95, 41, 97, 98, 99, 100, 101, 102, 103, 104, 105, 106, 107, 108, 109, 110, 111, 112, 113, 114, 115, 116, 117, 118, 119, 120, 121, 122, 123, 124, 125, 126, 127, 128, 129, 130, 131, 132, 133, 134]"
video_5819,"[82, 83, 84, 85, 86, 18, 70, 71, 19, 20, 21, 22, 32, 31, 30, 29, 28, 27, 26, 25, 24, 23, 77, 78, 79, 80, 81, 93, 75, 74, 73, 72, 33, 51, 35, 36, 69, 87, 88, 17, 67, 68, 37, 38, 39, 40, 41, 42, 43, 44, 45, 46, 47, 53, 60, 59, 61, 12, 11, 10, 9, 7, 6, 5, 4, 3, 2, 1, 54, 55, 8, 48, 49, 50, 52, 34, 56, 58, 57, 105, 104, 103, 102, 101, 100, 99, 98, 97, 96, 95, 94, 15, 92, 13, 14, 91, 90, 76, 89, 16, 66, 65, 64, 63, 62]"
video_5820,"[37, 38, 39, 40, 41, 42, 44, 43, 45, 22, 21, 20, 46, 47, 48, 61, 23, 19, 17, 18, 24, 15, 14, 13, 64, 65, 66, 68, 67, 69, 71, 70, 72, 73, 74, 75, 25, 26, 27, 28, 29, 30, 32, 31, 33, 36, 2, 9, 3, 4, 5, 6, 7, 8, 60, 10, 11, 53, 54, 52, 50, 49, 51, 55, 59, 1, 16, 62, 63, 58, 57, 56, 12, 35, 34]"
video_5821,"[23, 24, 25, 26, 27, 28, 29, 30, 31, 32, 33, 34, 35, 36, 37, 38, 39, 40, 41, 42, 114, 44, 45, 46, 47, 48, 49, 50, 51, 52, 53, 54, 55, 56, 57, 58, 60, 61, 62, 63, 64, 65, 66, 67, 68, 69, 71, 72, 140, 144, 143, 142, 141, 139, 138, 137, 136, 135, 134, 133, 70, 120, 119, 118, 117, 116, 115, 22, 108, 107, 106, 104, 103, 102, 129, 93, 91, 89, 87, 84, 83, 75, 76, 77, 78, 79, 80, 81, 82, 85, 86, 88, 90, 92, 94, 95, 96, 98, 99, 100, 97, 110, 109, 111, 112, 113, 73, 121, 122, 123, 124, 125, 126, 127, 128, 130, 131, 132, 105, 145, 146, 147, 148, 74, 101, 59, 43, 21, 20, 19, 18, 17, 16, 15, 14, 13, 12, 11, 10, 9, 8, 7, 6, 5, 4, 3, 2, 1]"
video_5822,"[78, 77, 76, 75, 74, 73, 72, 71, 70, 69, 68, 67, 66, 65, 64, 50, 63, 61, 60, 59, 58, 57, 56, 55, 54, 53, 27, 28, 29, 30, 31, 32, 33, 34, 35, 36, 37, 38, 39, 40, 41, 42, 43, 44, 45, 46, 47, 25, 13, 48, 51, 52, 1, 49, 3, 4, 5, 6, 7, 8, 9, 10, 11, 12, 2, 14, 15, 16, 17, 18, 19, 20, 21, 22, 23, 24, 62, 26, 104, 103, 102, 101, 100, 99, 98, 97, 96, 95, 94, 93, 92, 91, 90, 89, 88, 87, 86, 85, 84, 83, 82, 81, 80, 79]"
video_5823,"[113, 47, 46, 45, 44, 43, 42, 103, 39, 40, 38, 37, 81, 35, 34, 33, 32, 31, 30, 28, 29, 27, 26, 25, 24, 23, 22, 21, 20, 19, 18, 15, 16, 17, 14, 13, 12, 11, 10, 9, 7, 8, 5, 6, 4, 2, 3, 56, 57, 58, 55, 54, 78, 52, 51, 50, 129, 128, 127, 126, 125, 124, 123, 122, 121, 118, 120, 119, 98, 97, 96, 95, 94, 53, 112, 111, 110, 109, 70, 71, 86, 75, 76, 77, 72, 73, 36, 115, 114, 117, 116, 93, 92, 91, 90, 87, 89, 88, 135, 134, 133, 132, 130, 131, 138, 137, 136, 139, 62, 63, 65, 66, 64, 99, 100, 49, 140, 141, 142, 143, 144, 1, 146, 145, 61, 60, 59, 67, 102, 101, 106, 105, 104, 107, 108, 69, 68, 41, 74, 85, 48, 83, 82, 79, 80, 84]"
video_5824,"[84, 83, 82, 81, 80, 79, 78, 77, 76, 75, 74, 73, 72, 71, 70, 69, 68, 67, 66, 65, 64, 63, 62, 61, 60, 59, 58, 57, 56, 55, 16, 53, 52, 51, 50, 49, 48, 47, 46, 45, 44, 43, 1, 2, 3, 4, 5, 6, 7, 8, 9, 10, 11, 35, 13, 14, 15, 54, 17, 18, 19, 21, 20, 22, 23, 24, 25, 26, 27, 28, 29, 30, 31, 32, 33, 34, 12, 36, 37, 38, 39, 40, 41, 42]"
video_5825,"[1, 2, 3, 4, 35, 6, 7, 8, 9, 10, 11, 12, 13, 14, 15, 16, 17, 18, 24, 23, 22, 21, 20, 19, 49, 50, 51, 52, 53, 54, 55, 56, 57, 5, 28, 60, 25, 26, 27, 59, 29, 30, 31, 32, 33, 34, 58, 36, 48, 47, 46, 45, 44, 43, 42, 41, 40, 39, 38, 37, 61, 62, 63, 64, 65, 66, 67, 68, 69, 70, 71, 72]"
video_5826,"[18, 17, 16, 15, 14, 13, 12, 86, 52, 9, 8, 7, 6, 5, 4, 3, 2, 1, 49, 35, 34, 33, 32, 31, 30, 29, 28, 27, 26, 25, 24, 23, 22, 21, 20, 19, 72, 71, 70, 69, 68, 67, 66, 65, 64, 63, 62, 61, 60, 59, 58, 57, 56, 55, 54, 53, 91, 51, 50, 11, 48, 47, 46, 45, 44, 43, 42, 41, 40, 39, 38, 37, 73, 74, 75, 76, 77, 78, 79, 80, 81, 82, 83, 84, 85, 36, 87, 88, 89, 90, 10]"
video_5827,"[48, 49, 50, 15, 39, 40, 10, 9, 16, 17, 8, 41, 47, 46, 42, 45, 44, 71, 70, 43, 5, 4, 1, 2, 3, 68, 67, 11, 66, 65, 64, 63, 62, 61, 60, 59, 58, 57, 53, 54, 13, 14, 12, 55, 52, 51, 56, 69, 38, 37, 36, 35, 34, 33, 32, 31, 30, 29, 28, 18, 7, 6, 19, 27, 26, 20, 25, 24, 21, 22, 23]"
video_5828,"[80, 79, 78, 77, 76, 75, 74, 73, 39, 71, 70, 69, 68, 67, 66, 65, 89, 88, 87, 86, 108, 64, 63, 62, 4, 100, 99, 98, 97, 96, 95, 94, 93, 92, 91, 90, 84, 83, 82, 81, 41, 42, 43, 44, 45, 46, 47, 48, 49, 50, 51, 52, 53, 54, 55, 56, 57, 58, 59, 60, 20, 19, 18, 17, 16, 15, 14, 13, 12, 11, 10, 9, 8, 7, 61, 5, 22, 3, 2, 1, 120, 119, 118, 117, 116, 115, 114, 113, 112, 111, 110, 109, 105, 107, 106, 85, 104, 103, 102, 101, 21, 6, 23, 24, 25, 26, 27, 28, 29, 30, 31, 32, 33, 34, 35, 36, 37, 38, 72, 40]"
video_5829,"[19, 18, 17, 16, 15, 14, 13, 12, 11, 10, 9, 8, 7, 6, 5, 4, 42, 2, 1, 79, 78, 77, 76, 75, 74, 73, 72, 71, 70, 69, 68, 67, 66, 65, 64, 63, 62, 61, 60, 59, 58, 57, 56, 55, 54, 53, 52, 51, 50, 49, 3, 47, 46, 45, 44, 43, 48, 41, 40, 39, 38, 37, 36, 35, 34, 33, 32, 31, 30, 29, 28, 27, 26, 25, 24, 23, 22, 21, 20]"
video_5830,"[1, 2, 3, 4, 5, 6, 7, 8, 9, 10, 11, 12, 13, 14, 15, 16, 17, 18, 84, 20, 21, 22, 23, 24, 25, 26, 27, 28, 29, 30, 31, 62, 61, 60, 59, 58, 57, 56, 55, 54, 53, 52, 51, 50, 49, 48, 47, 19, 45, 42, 43, 87, 41, 40, 39, 38, 37, 36, 35, 34, 33, 32, 94, 93, 92, 91, 90, 89, 88, 44, 46, 85, 86, 83, 82, 81, 80, 79, 78, 77, 76, 75, 74, 73, 72, 71, 70, 69, 68, 67, 66, 65, 64, 63]"
video_5831,"[69, 70, 71, 72, 73, 74, 75, 76, 77, 78, 79, 80, 81, 82, 83, 84, 85, 86, 87, 88, 89, 90, 91, 92, 93, 94, 95, 96, 97, 98, 99, 100, 101, 102, 103, 104, 105, 106, 107, 108, 109, 110, 111, 112, 113, 114, 115, 116, 117, 118, 119, 120, 121, 25, 123, 124, 125, 126, 127, 65, 129, 130, 131, 132, 133, 134, 135, 136, 68, 67, 66, 23, 64, 63, 62, 61, 60, 59, 128, 57, 56, 50, 54, 53, 52, 51, 7, 49, 48, 47, 46, 45, 44, 43, 42, 41, 40, 39, 38, 37, 36, 35, 34, 33, 32, 31, 30, 29, 28, 27, 26, 55, 24, 58, 22, 21, 20, 19, 18, 17, 16, 15, 14, 13, 12, 11, 10, 9, 8, 122, 6, 5, 4, 3, 2, 1]"
video_5832,"[78, 34, 35, 33, 32, 44, 30, 29, 28, 25, 72, 71, 70, 69, 26, 27, 75, 38, 39, 40, 41, 42, 43, 84, 45, 94, 48, 46, 47, 96, 95, 93, 92, 91, 90, 89, 88, 87, 86, 85, 36, 83, 82, 81, 80, 79, 31, 77, 52, 50, 74, 73, 97, 98, 99, 100, 101, 102, 103, 104, 105, 106, 107, 76, 109, 110, 111, 112, 113, 114, 115, 116, 117, 118, 119, 120, 24, 23, 22, 21, 108, 19, 18, 17, 16, 15, 14, 13, 12, 11, 10, 9, 8, 7, 6, 5, 4, 3, 2, 1, 49, 20, 51, 37, 53, 54, 55, 56, 57, 58, 59, 60, 61, 62, 63, 64, 65, 66, 67, 68]"
video_5833,"[39, 38, 37, 36, 35, 34, 33, 32, 31, 30, 29, 28, 27, 26, 25, 42, 23, 22, 21, 68, 19, 18, 17, 16, 15, 14, 13, 12, 11, 10, 9, 8, 7, 6, 5, 4, 3, 2, 1, 20, 82, 83, 84, 85, 86, 87, 106, 89, 90, 91, 92, 93, 94, 95, 96, 97, 98, 99, 100, 101, 102, 103, 104, 105, 40, 107, 108, 109, 110, 111, 112, 113, 114, 115, 116, 117, 118, 119, 24, 41, 55, 43, 44, 45, 46, 47, 48, 49, 50, 51, 52, 53, 54, 88, 56, 57, 58, 59, 60, 61, 62, 63, 64, 65, 66, 67, 81, 69, 70, 71, 72, 73, 74, 75, 76, 77, 78, 79, 80]"
video_5834,"[35, 36, 37, 38, 39, 40, 41, 42, 43, 44, 45, 46, 47, 48, 49, 32, 51, 52, 53, 63, 55, 56, 57, 58, 59, 60, 61, 62, 54, 64, 65, 66, 67, 68, 34, 33, 4, 31, 30, 29, 28, 27, 26, 25, 24, 23, 22, 21, 20, 19, 18, 17, 16, 15, 14, 13, 12, 11, 10, 9, 8, 7, 6, 5, 50, 3, 2, 1]"
video_5835,"[29, 28, 59, 26, 25, 24, 102, 22, 21, 19, 20, 18, 17, 16, 14, 15, 13, 12, 11, 10, 9, 8, 7, 6, 5, 4, 3, 2, 1, 30, 31, 32, 33, 34, 35, 36, 37, 38, 39, 40, 41, 43, 42, 44, 45, 46, 47, 48, 49, 52, 51, 50, 53, 54, 55, 56, 57, 58, 116, 114, 115, 113, 112, 111, 23, 109, 108, 107, 106, 105, 104, 103, 77, 101, 100, 99, 97, 98, 96, 95, 94, 93, 92, 91, 90, 89, 88, 145, 144, 143, 142, 141, 139, 140, 137, 127, 135, 136, 134, 133, 132, 131, 130, 129, 128, 65, 126, 125, 124, 122, 123, 64, 120, 119, 117, 118, 87, 86, 85, 84, 83, 81, 82, 80, 79, 78, 110, 76, 75, 73, 74, 72, 70, 71, 69, 68, 67, 66, 138, 121, 63, 62, 61, 60, 27]"
video_5836,"[66, 65, 64, 63, 62, 61, 60, 59, 58, 57, 56, 55, 54, 53, 52, 41, 50, 49, 48, 47, 46, 45, 44, 43, 28, 42, 40, 39, 38, 37, 36, 35, 34, 33, 32, 31, 30, 29, 51, 27, 26, 25, 24, 23, 22, 21, 20, 19, 18, 17, 16, 15, 14, 13, 12, 89, 10, 9, 8, 7, 6, 5, 4, 3, 2, 1, 67, 68, 69, 70, 71, 72, 73, 74, 93, 76, 77, 78, 79, 80, 81, 82, 83, 84, 85, 86, 87, 88, 11, 90, 91, 92, 75, 94, 95, 96, 97, 98, 99, 100, 101]"
video_5837,"[65, 66, 67, 68, 69, 70, 71, 72, 73, 74, 75, 76, 77, 78, 79, 80, 81, 82, 83, 84, 2, 86, 87, 88, 89, 90, 91, 92, 115, 94, 95, 96, 97, 98, 99, 100, 101, 102, 103, 104, 105, 93, 107, 108, 109, 110, 111, 112, 113, 114, 10, 116, 117, 118, 119, 120, 121, 122, 123, 124, 125, 126, 127, 128, 32, 56, 30, 29, 28, 27, 26, 25, 24, 23, 22, 21, 20, 19, 18, 17, 16, 15, 85, 13, 12, 11, 61, 9, 8, 7, 6, 5, 4, 3, 31, 1, 64, 63, 62, 106, 60, 59, 58, 57, 33, 55, 54, 53, 52, 51, 50, 49, 48, 47, 46, 45, 44, 43, 42, 41, 40, 39, 38, 37, 36, 35, 34, 14]"
video_5838,"[34, 33, 43, 31, 30, 29, 28, 27, 26, 25, 24, 23, 76, 21, 20, 19, 18, 69, 70, 71, 72, 73, 74, 75, 22, 77, 78, 60, 80, 81, 82, 83, 84, 85, 68, 67, 66, 65, 64, 63, 62, 61, 39, 59, 58, 57, 56, 55, 54, 53, 52, 1, 2, 3, 4, 5, 6, 7, 8, 9, 10, 11, 12, 13, 14, 15, 16, 17, 35, 36, 79, 38, 91, 40, 41, 42, 32, 44, 45, 46, 47, 48, 49, 50, 51, 86, 87, 88, 89, 90, 37, 92, 93, 94, 95, 96, 97, 98, 99, 100, 101, 102, 103, 104, 105, 106]"
video_5839,"[78, 15, 14, 13, 12, 11, 10, 9, 8, 7, 6, 5, 4, 3, 2, 1, 50, 49, 48, 47, 46, 45, 82, 43, 42, 41, 40, 39, 38, 37, 36, 35, 34, 33, 32, 31, 30, 57, 28, 27, 26, 75, 74, 67, 64, 53, 51, 52, 54, 55, 56, 106, 58, 59, 60, 61, 62, 63, 65, 66, 68, 69, 70, 71, 72, 73, 101, 102, 103, 104, 105, 29, 108, 107, 109, 110, 111, 112, 113, 114, 123, 122, 121, 25, 119, 118, 117, 115, 116, 125, 124, 100, 99, 98, 97, 96, 92, 95, 93, 94, 86, 85, 120, 83, 44, 87, 88, 89, 90, 91, 20, 79, 80, 81, 77, 76, 84, 24, 23, 22, 21, 16, 19, 18, 17]"
video_5840,"[75, 76, 11, 12, 13, 74, 14, 73, 15, 72, 16, 71, 17, 70, 18, 19, 69, 60, 61, 62, 63, 64, 65, 66, 67, 68, 20, 21, 22, 23, 24, 25, 26, 27, 28, 36, 59, 58, 30, 31, 57, 56, 32, 55, 33, 54, 34, 53, 35, 52, 29, 51, 37, 38, 50, 49, 39, 40, 48, 47, 46, 45, 44, 1, 2, 3, 4, 5, 6, 7, 8, 81, 10, 77, 78, 79, 80, 9, 82, 83, 84, 85, 86, 43, 42, 41]"
video_5841,"[1, 2, 3, 4, 5, 6, 7, 8, 9, 10, 11, 12, 13, 14, 15, 76, 75, 74, 73, 72, 71, 70, 69, 68, 67, 32, 65, 64, 63, 62, 30, 29, 28, 27, 40, 25, 24, 23, 22, 21, 20, 19, 18, 17, 16, 61, 60, 59, 58, 57, 56, 55, 54, 43, 52, 51, 50, 49, 48, 47, 31, 66, 33, 34, 35, 36, 37, 38, 39, 26, 41, 42, 53, 44, 45, 46]"
video_5842,"[57, 56, 55, 10, 53, 52, 51, 50, 49, 48, 47, 46, 45, 44, 16, 17, 18, 19, 20, 21, 22, 23, 24, 25, 26, 27, 28, 29, 71, 70, 41, 68, 67, 66, 65, 64, 63, 62, 61, 60, 59, 58, 85, 84, 83, 82, 81, 30, 79, 78, 77, 76, 75, 74, 73, 72, 15, 14, 13, 12, 11, 69, 9, 8, 7, 6, 5, 4, 3, 2, 1, 43, 42, 54, 40, 39, 38, 37, 36, 35, 34, 33, 32, 31, 80]"
video_5843,"[55, 56, 57, 58, 59, 60, 100, 99, 98, 7, 96, 95, 94, 93, 92, 91, 41, 42, 43, 44, 45, 46, 47, 48, 49, 90, 54, 53, 52, 51, 50, 89, 61, 62, 11, 97, 13, 76, 77, 78, 14, 69, 79, 80, 16, 17, 18, 19, 15, 21, 22, 23, 24, 25, 88, 87, 86, 85, 84, 83, 82, 81, 40, 8, 38, 37, 36, 35, 34, 33, 32, 31, 30, 29, 28, 27, 26, 10, 9, 39, 12, 6, 5, 4, 3, 2, 1, 65, 66, 67, 68, 20, 70, 71, 72, 73, 74, 75, 64, 63]"
video_5844,"[117, 116, 115, 114, 113, 112, 111, 96, 97, 98, 102, 103, 104, 101, 100, 99, 95, 75, 106, 110, 109, 108, 107, 93, 94, 92, 91, 90, 88, 89, 87, 49, 85, 84, 83, 81, 82, 80, 79, 39, 38, 37, 36, 35, 34, 33, 29, 62, 22, 21, 24, 26, 25, 27, 28, 31, 32, 30, 20, 18, 11, 12, 17, 16, 15, 14, 13, 77, 10, 9, 8, 7, 6, 5, 4, 3, 2, 1, 78, 105, 19, 76, 74, 73, 72, 71, 70, 69, 68, 67, 66, 65, 64, 63, 41, 61, 60, 59, 57, 58, 56, 55, 54, 53, 51, 52, 50, 86, 48, 47, 46, 45, 44, 42, 43, 23, 40]"
video_5845,"[105, 104, 102, 103, 101, 56, 98, 99, 97, 96, 95, 94, 93, 92, 91, 90, 89, 32, 87, 86, 85, 64, 63, 62, 61, 60, 59, 58, 57, 118, 55, 11, 53, 52, 51, 50, 49, 48, 47, 46, 45, 44, 43, 84, 83, 82, 81, 79, 80, 78, 77, 76, 75, 74, 73, 72, 71, 70, 69, 68, 25, 26, 24, 23, 22, 65, 66, 67, 27, 28, 29, 30, 31, 100, 33, 34, 35, 36, 37, 54, 39, 40, 41, 42, 21, 20, 18, 19, 17, 16, 88, 14, 13, 38, 12, 10, 9, 8, 7, 6, 4, 5, 3, 2, 1, 106, 108, 107, 109, 110, 111, 112, 113, 114, 115, 116, 117, 15, 119, 120, 121, 122, 124, 123, 125, 126]"
video_5846,"[1, 2, 19, 4, 5, 6, 7, 8, 9, 10, 11, 12, 13, 14, 15, 16, 17, 18, 139, 20, 21, 54, 23, 24, 25, 26, 27, 28, 29, 30, 31, 32, 33, 34, 35, 36, 37, 38, 39, 40, 41, 42, 43, 44, 45, 46, 92, 91, 90, 89, 88, 87, 86, 85, 84, 83, 82, 81, 80, 79, 78, 53, 76, 75, 74, 73, 72, 71, 70, 69, 68, 67, 66, 65, 64, 3, 62, 61, 60, 59, 58, 57, 56, 55, 22, 108, 52, 51, 50, 49, 48, 47, 63, 138, 137, 136, 135, 134, 133, 132, 131, 130, 129, 128, 127, 126, 125, 124, 123, 122, 121, 120, 119, 118, 117, 116, 115, 114, 113, 112, 111, 110, 109, 77, 107, 106, 105, 104, 103, 102, 101, 100, 99, 98, 97, 96, 95, 94, 93]"
video_5847,"[1, 2, 3, 4, 5, 6, 7, 8, 9, 10, 11, 12, 13, 71, 15, 16, 17, 18, 19, 20, 21, 22, 23, 24, 25, 26, 27, 28, 29, 30, 31, 32, 33, 58, 35, 36, 37, 38, 61, 40, 41, 42, 43, 44, 45, 46, 47, 48, 49, 50, 51, 52, 53, 54, 55, 56, 57, 59, 34, 60, 14, 62, 124, 123, 39, 121, 120, 119, 118, 117, 116, 115, 114, 113, 112, 111, 110, 109, 108, 107, 106, 105, 104, 103, 102, 101, 100, 99, 98, 97, 96, 95, 94, 93, 92, 91, 90, 89, 88, 87, 86, 85, 84, 83, 82, 81, 80, 79, 78, 77, 76, 75, 74, 73, 72, 122, 70, 69, 68, 67, 66, 65, 64, 63]"
video_5848,"[1, 2, 26, 4, 5, 6, 90, 8, 9, 10, 11, 12, 13, 14, 15, 16, 17, 18, 19, 3, 21, 22, 23, 24, 25, 20, 27, 28, 29, 30, 31, 95, 94, 93, 92, 91, 7, 89, 88, 87, 86, 85, 84, 83, 82, 81, 80, 79, 78, 77, 76, 75, 74, 73, 72, 71, 70, 69, 68, 67, 66, 65, 32, 33, 55, 35, 36, 37, 38, 39, 40, 41, 42, 43, 44, 45, 46, 47, 48, 49, 50, 51, 52, 53, 54, 34, 56, 57, 58, 59, 60, 61, 62, 63, 64]"
video_5849,"[15, 16, 17, 18, 19, 20, 21, 22, 23, 24, 25, 26, 27, 72, 73, 28, 71, 70, 69, 68, 67, 66, 65, 64, 63, 62, 61, 60, 1, 2, 3, 4, 5, 6, 7, 8, 9, 10, 11, 12, 13, 14, 29, 30, 31, 32, 33, 34, 35, 36, 37, 38, 39, 78, 41, 42, 87, 86, 85, 84, 83, 82, 81, 80, 79, 40, 77, 76, 75, 74, 59, 58, 57, 56, 55, 54, 53, 52, 51, 50, 49, 48, 47, 46, 45, 44, 43]"
video_5850,"[1, 2, 3, 4, 5, 6, 7, 8, 9, 10, 11, 12, 13, 14, 15, 16, 17, 18, 19, 20, 82, 81, 80, 79, 78, 77, 76, 75, 74, 73, 72, 71, 70, 69, 68, 67, 66, 65, 64, 63, 60, 22, 23, 24, 25, 26, 27, 28, 29, 30, 31, 32, 33, 34, 35, 36, 37, 38, 39, 40, 41, 42, 43, 44, 21, 46, 47, 48, 49, 50, 51, 52, 53, 54, 55, 56, 57, 58, 59, 45, 61, 62]"
video_5851,"[1, 2, 3, 4, 5, 6, 7, 8, 9, 10, 11, 12, 13, 14, 15, 16, 17, 18, 19, 20, 80, 79, 77, 78, 86, 75, 74, 73, 72, 71, 70, 69, 68, 67, 66, 65, 64, 63, 62, 61, 60, 58, 59, 57, 56, 55, 54, 53, 36, 51, 50, 49, 48, 46, 47, 45, 44, 43, 42, 41, 21, 22, 23, 24, 25, 26, 93, 28, 29, 30, 32, 31, 33, 34, 35, 27, 37, 38, 39, 40, 100, 99, 98, 97, 96, 95, 94, 82, 92, 91, 90, 89, 88, 87, 76, 85, 84, 83, 52, 81]"
video_5852,"[149, 116, 150, 147, 128, 126, 127, 42, 43, 44, 6, 5, 4, 63, 83, 82, 62, 64, 84, 108, 106, 107, 80, 105, 45, 28, 25, 70, 3, 61, 81, 7, 41, 125, 129, 146, 104, 26, 46, 8, 40, 85, 65, 29, 24, 2, 109, 145, 103, 9, 124, 30, 23, 130, 47, 66, 86, 79, 123, 48, 67, 87, 13, 110, 1, 22, 60, 102, 10, 39, 144, 78, 122, 101, 11, 38, 143, 91, 111, 132, 49, 68, 88, 77, 121, 100, 37, 142, 58, 120, 12, 141, 57, 99, 131, 35, 75, 134, 140, 133, 90, 119, 56, 98, 14, 15, 97, 55, 118, 74, 34, 31, 71, 17, 16, 96, 95, 53, 54, 137, 138, 136, 148, 115, 117, 32, 33, 73, 72, 139, 135, 52, 18, 94, 114, 51, 19, 93, 113, 50, 20, 36, 76, 89, 69, 27, 112, 92, 21, 59]"
video_5853,"[35, 36, 37, 39, 40, 59, 108, 109, 110, 55, 54, 53, 52, 51, 50, 49, 48, 45, 46, 47, 43, 41, 44, 42, 107, 106, 105, 104, 103, 91, 101, 99, 100, 98, 97, 34, 33, 32, 30, 31, 29, 25, 26, 27, 28, 24, 23, 22, 21, 20, 19, 18, 17, 16, 15, 87, 13, 12, 11, 10, 9, 8, 7, 56, 57, 58, 60, 38, 61, 6, 5, 4, 62, 63, 64, 65, 3, 2, 1, 66, 67, 68, 73, 75, 74, 77, 79, 78, 76, 14, 69, 72, 71, 80, 82, 81, 83, 84, 85, 86, 70, 88, 89, 90, 92, 96, 93, 94, 95, 102]"
video_5854,"[67, 68, 88, 70, 71, 72, 73, 75, 74, 76, 78, 77, 79, 80, 82, 81, 84, 83, 85, 86, 64, 89, 90, 91, 92, 13, 12, 94, 95, 96, 97, 98, 99, 100, 69, 102, 103, 104, 105, 106, 107, 108, 109, 110, 111, 112, 114, 113, 115, 116, 117, 118, 119, 120, 121, 122, 123, 124, 125, 126, 127, 128, 129, 130, 131, 132, 1, 2, 3, 4, 5, 6, 7, 8, 9, 10, 11, 40, 101, 14, 15, 16, 17, 87, 19, 20, 21, 24, 23, 22, 25, 27, 26, 28, 29, 30, 31, 32, 33, 34, 35, 36, 37, 38, 39, 47, 42, 41, 43, 44, 46, 45, 48, 93, 49, 50, 51, 52, 53, 54, 55, 56, 57, 58, 59, 60, 61, 62, 63, 18, 66, 65]"
video_5855,"[50, 51, 52, 53, 54, 55, 56, 57, 58, 59, 60, 61, 49, 48, 47, 46, 45, 44, 43, 42, 41, 40, 39, 38, 37, 36, 35, 34, 33, 32, 31, 30, 29, 28, 27, 26, 73, 72, 71, 70, 69, 68, 67, 66, 65, 7, 63, 62, 25, 24, 23, 22, 21, 20, 19, 18, 17, 16, 15, 14, 13, 12, 11, 10, 9, 8, 6, 64, 5, 4, 3, 2, 1]"
video_5856,"[31, 30, 29, 28, 27, 26, 25, 24, 23, 22, 21, 20, 19, 18, 17, 16, 15, 14, 13, 12, 11, 10, 9, 8, 7, 6, 5, 4, 3, 2, 93, 95, 96, 97, 98, 99, 100, 101, 102, 103, 104, 105, 106, 107, 108, 109, 110, 111, 112, 113, 114, 115, 116, 117, 118, 119, 120, 121, 122, 123, 124, 125, 62, 61, 60, 59, 58, 57, 56, 55, 54, 53, 52, 51, 50, 49, 48, 47, 46, 45, 1, 43, 42, 41, 40, 39, 38, 37, 36, 35, 34, 33, 32, 94, 44, 92, 91, 90, 89, 88, 87, 86, 85, 71, 83, 82, 81, 80, 79, 78, 77, 76, 75, 74, 73, 72, 84, 70, 69, 68, 67, 66, 65, 64, 63]"
video_5857,"[17, 56, 53, 54, 55, 52, 51, 106, 57, 22, 75, 74, 73, 72, 71, 70, 69, 68, 67, 66, 65, 64, 63, 62, 61, 60, 59, 1, 2, 3, 4, 5, 6, 7, 8, 9, 10, 11, 12, 13, 15, 16, 18, 19, 20, 21, 87, 23, 24, 25, 26, 27, 28, 99, 30, 116, 32, 33, 34, 35, 36, 37, 38, 39, 40, 41, 42, 43, 44, 45, 46, 47, 48, 49, 50, 100, 98, 97, 14, 96, 95, 94, 93, 92, 91, 90, 89, 88, 86, 85, 29, 84, 83, 82, 81, 80, 79, 78, 77, 76, 101, 102, 103, 104, 105, 114, 107, 108, 109, 110, 111, 112, 113, 115, 31, 58, 117, 118, 119, 120, 121, 122, 123, 124, 125, 126, 127]"
video_5858,"[100, 94, 93, 92, 91, 90, 89, 88, 87, 86, 85, 84, 42, 82, 81, 80, 79, 78, 77, 20, 21, 22, 23, 24, 25, 26, 27, 28, 29, 30, 31, 32, 33, 34, 35, 36, 37, 38, 57, 56, 55, 54, 53, 83, 51, 49, 71, 48, 47, 46, 45, 44, 43, 52, 41, 40, 39, 19, 18, 17, 16, 15, 14, 13, 12, 11, 10, 9, 8, 7, 6, 5, 4, 3, 2, 1, 114, 113, 112, 111, 50, 109, 108, 107, 106, 105, 104, 103, 102, 101, 67, 99, 98, 97, 96, 58, 59, 60, 61, 62, 63, 64, 65, 66, 95, 68, 69, 70, 110, 72, 73, 74, 75, 76]"
video_5859,"[1, 2, 3, 4, 5, 6, 7, 8, 9, 59, 11, 12, 13, 14, 15, 16, 17, 18, 19, 20, 21, 22, 23, 32, 25, 26, 27, 79, 78, 77, 76, 10, 74, 73, 72, 71, 70, 69, 68, 67, 66, 65, 64, 63, 62, 61, 60, 75, 58, 57, 56, 55, 54, 28, 29, 30, 31, 44, 33, 34, 35, 36, 37, 38, 39, 40, 41, 24, 43, 42, 45, 46, 47, 48, 49, 53, 52, 51, 50]"
video_5860,"[58, 11, 56, 55, 54, 53, 52, 59, 60, 61, 62, 63, 64, 65, 66, 67, 68, 69, 70, 71, 34, 33, 32, 31, 30, 38, 28, 27, 26, 25, 24, 23, 22, 21, 20, 19, 18, 72, 73, 74, 75, 77, 76, 78, 79, 80, 81, 83, 82, 84, 85, 86, 87, 88, 89, 90, 91, 92, 93, 94, 95, 96, 97, 98, 99, 100, 101, 102, 103, 104, 105, 50, 51, 49, 48, 47, 46, 45, 44, 43, 42, 41, 40, 39, 29, 37, 36, 35, 1, 3, 2, 4, 5, 6, 7, 8, 9, 10, 16, 12, 13, 14, 15, 57, 17]"
video_5861,"[45, 46, 47, 48, 49, 50, 51, 52, 53, 54, 55, 56, 57, 58, 59, 60, 61, 62, 63, 64, 65, 66, 67, 68, 69, 70, 71, 72, 73, 74, 8, 76, 77, 38, 79, 80, 121, 82, 83, 84, 85, 133, 87, 88, 107, 90, 44, 43, 42, 41, 40, 39, 81, 122, 36, 35, 34, 33, 32, 31, 30, 29, 28, 27, 26, 25, 24, 23, 22, 21, 20, 19, 18, 17, 16, 15, 14, 13, 12, 11, 10, 9, 75, 7, 6, 5, 4, 3, 2, 1, 91, 92, 93, 94, 95, 96, 97, 98, 99, 100, 101, 102, 103, 104, 105, 106, 89, 108, 109, 110, 111, 112, 113, 114, 115, 116, 117, 118, 119, 120, 37, 78, 123, 124, 125, 126, 127, 128, 129, 130, 131, 132, 86, 134]"
video_5862,"[78, 79, 80, 81, 82, 83, 84, 77, 76, 75, 74, 73, 72, 71, 70, 69, 36, 67, 66, 65, 64, 42, 41, 40, 39, 38, 37, 23, 35, 34, 33, 32, 31, 30, 29, 28, 27, 26, 25, 24, 68, 22, 21, 20, 19, 18, 17, 16, 15, 14, 13, 12, 11, 10, 9, 8, 7, 6, 5, 4, 3, 2, 1, 63, 62, 61, 60, 59, 58, 57, 56, 55, 54, 53, 52, 51, 50, 49, 48, 47, 46, 45, 44, 43]"
video_5863,"[1, 2, 3, 4, 5, 6, 47, 8, 9, 10, 11, 12, 13, 14, 15, 16, 17, 18, 19, 20, 21, 22, 23, 24, 25, 26, 27, 28, 29, 30, 31, 32, 33, 34, 35, 36, 37, 38, 39, 40, 41, 42, 43, 44, 45, 46, 7, 48, 49, 50]"
video_5864,"[92, 70, 94, 95, 86, 87, 96, 97, 88, 85, 91, 90, 89, 84, 35, 82, 81, 80, 79, 78, 126, 125, 124, 123, 122, 121, 120, 119, 118, 117, 116, 115, 114, 113, 111, 112, 109, 110, 108, 107, 106, 105, 104, 103, 102, 34, 100, 98, 99, 77, 76, 75, 74, 73, 72, 71, 93, 69, 68, 67, 66, 65, 64, 1, 2, 3, 4, 5, 6, 7, 8, 9, 10, 23, 12, 13, 14, 15, 16, 17, 18, 19, 20, 21, 49, 101, 24, 25, 26, 27, 28, 29, 30, 31, 32, 33, 11, 83, 36, 37, 38, 39, 40, 41, 42, 43, 44, 45, 46, 47, 48, 57, 50, 51, 52, 53, 54, 55, 56, 58, 22, 61, 60, 59, 62, 63]"
video_5865,"[84, 83, 82, 81, 80, 79, 78, 77, 76, 75, 74, 73, 72, 71, 11, 25, 66, 6, 45, 24, 33, 7, 46, 23, 22, 47, 8, 34, 37, 38, 39, 40, 42, 41, 13, 14, 16, 15, 54, 55, 53, 56, 52, 57, 17, 18, 12, 51, 58, 19, 29, 50, 59, 10, 49, 20, 21, 36, 35, 48, 9, 60, 61, 62, 63, 5, 26, 31, 30, 27, 44, 28, 2, 3, 1, 4, 43, 70, 64, 65, 69, 68, 32, 67]"
video_5866,"[51, 66, 67, 68, 69, 70, 71, 72, 73, 74, 75, 76, 77, 78, 79, 80, 81, 82, 83, 84, 85, 86, 87, 88, 89, 90, 91, 92, 93, 94, 95, 96, 97, 98, 99, 100, 101, 102, 103, 104, 105, 106, 107, 108, 109, 110, 111, 112, 13, 114, 115, 116, 117, 118, 119, 120, 121, 122, 123, 124, 125, 126, 127, 128, 64, 63, 62, 18, 60, 59, 58, 57, 56, 55, 54, 53, 52, 65, 50, 49, 48, 47, 46, 45, 44, 43, 42, 41, 40, 39, 38, 37, 36, 35, 34, 33, 32, 31, 30, 29, 28, 27, 26, 25, 24, 23, 22, 21, 20, 19, 4, 17, 16, 15, 14, 3, 12, 11, 10, 9, 8, 7, 6, 5, 61, 113, 2, 1]"
video_5867,"[33, 34, 35, 36, 37, 48, 39, 40, 41, 42, 43, 25, 45, 46, 47, 44, 49, 50, 81, 52, 53, 54, 55, 56, 38, 58, 59, 60, 61, 62, 63, 95, 96, 97, 98, 99, 100, 101, 102, 103, 104, 105, 106, 107, 108, 109, 110, 111, 112, 113, 114, 115, 116, 117, 118, 119, 120, 51, 122, 123, 124, 125, 94, 93, 92, 91, 90, 89, 88, 87, 86, 85, 84, 83, 82, 65, 80, 79, 78, 77, 76, 75, 74, 73, 72, 71, 70, 69, 68, 67, 66, 22, 64, 32, 31, 30, 29, 28, 27, 26, 57, 24, 23, 121, 21, 20, 19, 18, 17, 16, 15, 14, 13, 12, 11, 10, 9, 8, 7, 6, 5, 4, 3, 2, 1]"
video_5868,"[126, 90, 91, 92, 93, 94, 95, 96, 19, 98, 99, 17, 101, 79, 103, 104, 105, 106, 107, 108, 109, 110, 111, 22, 21, 20, 31, 18, 114, 16, 15, 14, 13, 12, 11, 10, 9, 8, 102, 6, 5, 4, 3, 2, 1, 44, 43, 42, 41, 40, 39, 38, 37, 36, 35, 34, 33, 32, 89, 30, 29, 28, 27, 26, 25, 24, 23, 88, 87, 86, 85, 84, 83, 82, 81, 80, 7, 78, 77, 76, 75, 74, 73, 72, 71, 70, 69, 68, 67, 66, 65, 64, 63, 62, 61, 60, 59, 58, 57, 56, 55, 54, 53, 52, 51, 50, 49, 48, 47, 46, 97, 112, 113, 100, 115, 116, 117, 118, 119, 120, 121, 122, 123, 124, 125, 45, 127, 128, 129, 130, 131, 132, 133]"
video_5869,"[56, 57, 58, 59, 102, 61, 62, 63, 64, 65, 66, 67, 68, 69, 70, 71, 72, 73, 52, 75, 76, 77, 78, 79, 80, 81, 82, 83, 84, 85, 86, 87, 88, 89, 90, 74, 92, 93, 94, 95, 96, 97, 98, 99, 107, 101, 60, 103, 104, 105, 106, 53, 108, 109, 110, 111, 1, 2, 3, 4, 5, 6, 91, 8, 9, 10, 11, 12, 13, 14, 15, 16, 17, 18, 19, 20, 21, 22, 23, 24, 25, 26, 27, 28, 29, 30, 31, 32, 33, 34, 35, 36, 37, 38, 39, 40, 41, 42, 43, 44, 45, 46, 47, 48, 49, 50, 51, 7, 100, 54, 55]"
video_5870,"[39, 38, 37, 36, 35, 34, 33, 32, 31, 30, 10, 28, 27, 55, 56, 57, 58, 59, 60, 61, 62, 63, 64, 65, 66, 67, 1, 2, 3, 4, 5, 6, 7, 8, 9, 29, 11, 12, 13, 26, 25, 43, 23, 22, 24, 20, 19, 18, 17, 16, 15, 14, 54, 53, 52, 51, 50, 49, 48, 47, 46, 45, 44, 21, 42, 41, 40]"
video_5871,"[43, 44, 45, 46, 47, 48, 42, 35, 36, 37, 38, 39, 40, 41, 49, 50, 51, 52, 57, 54, 55, 56, 90, 58, 59, 60, 61, 62, 79, 64, 65, 66, 67, 68, 69, 70, 71, 72, 73, 74, 75, 76, 77, 78, 63, 80, 81, 82, 83, 84, 85, 86, 87, 88, 89, 53, 91, 92, 93, 94, 95, 96, 97, 98, 99, 100, 1, 2, 3, 4, 5, 6, 7, 8, 9, 10, 11, 12, 13, 14, 15, 16, 17, 18, 19, 20, 21, 22, 23, 24, 25, 26, 27, 28, 29, 30, 31, 32, 33, 34]"
video_5872,"[29, 87, 86, 85, 84, 83, 82, 92, 79, 80, 65, 77, 76, 75, 74, 73, 72, 71, 70, 69, 68, 67, 23, 24, 25, 26, 27, 28, 88, 30, 31, 32, 33, 34, 35, 36, 37, 78, 39, 40, 41, 42, 43, 44, 89, 90, 91, 14, 93, 94, 96, 95, 97, 98, 99, 100, 101, 102, 103, 104, 105, 106, 107, 108, 109, 110, 66, 38, 64, 63, 62, 61, 60, 59, 58, 57, 56, 55, 54, 53, 52, 51, 50, 49, 48, 47, 46, 45, 1, 2, 3, 4, 5, 6, 7, 8, 9, 10, 11, 12, 13, 81, 15, 16, 17, 18, 19, 20, 21, 22]"
video_5873,"[56, 2, 3, 101, 5, 6, 7, 8, 9, 10, 11, 98, 13, 14, 15, 16, 17, 18, 19, 20, 50, 22, 23, 24, 25, 26, 27, 28, 77, 78, 79, 80, 81, 82, 83, 84, 85, 86, 87, 88, 89, 90, 91, 92, 93, 94, 95, 99, 97, 118, 4, 100, 124, 123, 122, 121, 120, 119, 1, 117, 116, 115, 114, 113, 112, 111, 110, 109, 143, 108, 107, 106, 105, 104, 103, 102, 21, 148, 147, 146, 145, 144, 142, 141, 140, 139, 138, 137, 136, 135, 134, 133, 132, 131, 130, 129, 128, 127, 126, 125, 53, 54, 55, 58, 57, 12, 96, 60, 61, 62, 63, 64, 65, 66, 67, 68, 69, 70, 71, 72, 73, 74, 75, 76, 29, 30, 31, 32, 33, 34, 35, 36, 37, 38, 39, 40, 41, 42, 43, 44, 45, 46, 47, 48, 49, 59, 51, 52]"
video_5874,"[23, 22, 21, 20, 19, 18, 17, 16, 15, 14, 13, 12, 11, 10, 9, 8, 7, 6, 5, 4, 93, 2, 1, 92, 91, 90, 78, 88, 87, 86, 85, 84, 83, 82, 81, 80, 79, 103, 77, 76, 75, 74, 73, 72, 71, 70, 69, 110, 67, 66, 65, 64, 63, 62, 61, 60, 59, 58, 57, 56, 55, 28, 53, 52, 51, 50, 49, 48, 47, 24, 25, 26, 27, 89, 29, 30, 31, 32, 33, 34, 35, 36, 37, 38, 39, 40, 41, 42, 43, 44, 45, 46, 116, 115, 114, 113, 112, 111, 3, 109, 108, 107, 106, 105, 104, 54, 102, 101, 100, 99, 98, 97, 96, 95, 94, 68]"
video_5875,"[34, 33, 69, 31, 30, 29, 28, 15, 26, 25, 24, 23, 22, 21, 20, 19, 18, 17, 16, 27, 14, 13, 12, 11, 10, 9, 8, 7, 6, 5, 4, 3, 2, 1, 64, 63, 62, 61, 60, 59, 58, 57, 56, 55, 54, 53, 52, 51, 50, 65, 66, 67, 68, 47, 70, 71, 72, 73, 74, 75, 76, 77, 78, 79, 49, 48, 32, 46, 45, 44, 43, 42, 41, 40, 39, 38, 37, 36, 35]"
video_5876,"[64, 65, 66, 67, 68, 69, 70, 112, 72, 73, 74, 75, 76, 77, 78, 79, 80, 81, 82, 83, 84, 42, 41, 40, 39, 38, 37, 36, 35, 116, 33, 32, 31, 30, 29, 28, 27, 26, 25, 24, 23, 22, 43, 44, 103, 46, 47, 48, 49, 50, 51, 52, 53, 54, 55, 56, 57, 4, 59, 60, 61, 62, 63, 1, 2, 3, 96, 5, 6, 7, 8, 9, 10, 11, 12, 13, 14, 15, 16, 17, 18, 19, 20, 21, 105, 104, 45, 102, 101, 100, 99, 98, 97, 34, 95, 89, 93, 92, 91, 90, 94, 88, 87, 86, 85, 131, 130, 129, 128, 127, 126, 125, 124, 123, 122, 121, 120, 119, 118, 117, 58, 115, 114, 113, 71, 111, 110, 109, 108, 107, 106]"
video_5877,"[83, 84, 85, 86, 87, 88, 89, 55, 91, 92, 93, 94, 95, 96, 97, 98, 99, 100, 101, 102, 60, 59, 58, 57, 56, 36, 54, 53, 52, 90, 50, 49, 48, 47, 71, 45, 44, 43, 42, 41, 40, 39, 38, 28, 80, 46, 34, 33, 32, 31, 30, 29, 35, 27, 26, 25, 24, 23, 22, 21, 1, 2, 3, 4, 5, 6, 7, 8, 9, 10, 11, 12, 13, 14, 15, 16, 17, 18, 19, 20, 61, 62, 63, 64, 65, 66, 67, 68, 69, 70, 37, 72, 73, 74, 75, 76, 77, 78, 79, 51, 81, 82]"
video_5878,"[45, 44, 46, 47, 48, 49, 50, 51, 52, 53, 54, 55, 57, 56, 58, 59, 60, 61, 62, 63, 64, 65, 66, 67, 68, 69, 70, 71, 72, 73, 74, 75, 76, 77, 78, 79, 80, 81, 82, 83, 84, 85, 86, 87, 88, 89, 90, 91, 113, 93, 94, 95, 96, 97, 98, 99, 100, 101, 102, 103, 104, 105, 106, 107, 108, 110, 109, 111, 112, 6, 114, 115, 116, 117, 118, 119, 120, 121, 122, 124, 19, 125, 1, 2, 3, 4, 5, 30, 7, 8, 123, 10, 11, 12, 13, 14, 15, 16, 17, 18, 9, 20, 21, 22, 23, 24, 25, 26, 27, 28, 29, 92, 31, 32, 33, 34, 35, 36, 37, 38, 39, 40, 41, 42, 43]"
video_5879,"[33, 34, 35, 36, 37, 38, 39, 48, 41, 42, 43, 44, 45, 46, 47, 81, 49, 50, 51, 52, 53, 54, 55, 56, 57, 58, 59, 60, 61, 62, 63, 64, 65, 66, 67, 68, 69, 70, 71, 72, 73, 74, 75, 76, 77, 78, 79, 80, 24, 82, 83, 84, 85, 86, 87, 88, 89, 90, 91, 92, 93, 94, 95, 96, 97, 98, 99, 100, 101, 20, 103, 30, 105, 106, 107, 108, 109, 110, 111, 112, 113, 114, 115, 116, 117, 118, 119, 120, 121, 122, 123, 124, 125, 126, 127, 128, 32, 31, 102, 29, 28, 40, 26, 25, 27, 23, 22, 21, 8, 19, 18, 17, 16, 15, 14, 13, 12, 11, 10, 9, 104, 7, 6, 5, 4, 3, 2, 1]"
video_5880,"[84, 2, 3, 4, 5, 30, 7, 8, 9, 10, 11, 12, 13, 14, 15, 16, 17, 18, 19, 20, 21, 22, 23, 24, 69, 26, 27, 28, 29, 6, 31, 32, 33, 34, 35, 140, 139, 138, 137, 136, 135, 134, 133, 132, 131, 130, 129, 128, 127, 126, 125, 124, 123, 122, 121, 120, 58, 70, 117, 116, 115, 114, 113, 112, 111, 119, 109, 108, 107, 106, 118, 51, 110, 67, 66, 65, 64, 63, 62, 61, 60, 59, 68, 57, 56, 55, 54, 53, 52, 1, 50, 49, 48, 47, 46, 45, 44, 43, 42, 41, 40, 39, 38, 37, 36, 105, 104, 103, 102, 101, 100, 99, 98, 97, 96, 95, 94, 93, 92, 91, 90, 89, 88, 87, 86, 85, 25, 83, 82, 81, 80, 79, 78, 77, 76, 75, 74, 73, 72, 71]"
video_5881,"[65, 15, 63, 62, 61, 60, 59, 58, 57, 56, 55, 54, 53, 52, 51, 50, 49, 66, 67, 68, 69, 70, 71, 72, 73, 74, 75, 76, 77, 78, 79, 80, 81, 16, 3, 14, 13, 12, 11, 10, 9, 8, 7, 45, 5, 4, 31, 2, 1, 17, 18, 19, 20, 21, 22, 23, 24, 25, 26, 27, 28, 64, 30, 29, 32, 48, 47, 46, 6, 44, 43, 42, 41, 40, 39, 38, 37, 36, 35, 34, 33]"
video_5882,"[40, 39, 38, 37, 36, 35, 34, 33, 32, 31, 30, 29, 28, 27, 26, 25, 24, 23, 22, 21, 20, 19, 112, 111, 110, 109, 108, 107, 106, 105, 7, 103, 102, 101, 100, 99, 98, 97, 96, 95, 83, 93, 92, 91, 90, 89, 88, 87, 86, 85, 84, 82, 53, 81, 80, 79, 78, 77, 18, 17, 104, 94, 14, 13, 12, 11, 10, 9, 8, 16, 6, 5, 4, 3, 2, 1, 59, 60, 61, 62, 63, 64, 65, 66, 67, 68, 69, 70, 71, 72, 73, 74, 75, 76, 41, 42, 43, 44, 45, 46, 47, 48, 49, 50, 51, 52, 15, 54, 55, 56, 57, 58]"
video_5883,"[101, 102, 103, 104, 105, 106, 107, 108, 109, 110, 111, 112, 113, 2, 115, 116, 117, 118, 119, 120, 121, 122, 123, 124, 125, 126, 127, 128, 129, 130, 131, 132, 133, 134, 135, 136, 137, 138, 139, 140, 141, 142, 37, 144, 145, 146, 147, 148, 149, 1, 114, 3, 4, 5, 6, 7, 8, 9, 10, 11, 12, 13, 14, 15, 16, 17, 18, 19, 20, 21, 22, 23, 24, 25, 27, 26, 28, 29, 30, 31, 32, 33, 34, 35, 36, 57, 38, 39, 143, 63, 42, 43, 45, 47, 48, 72, 96, 94, 41, 91, 92, 93, 95, 97, 98, 99, 49, 46, 44, 89, 88, 87, 86, 85, 84, 83, 82, 81, 80, 79, 78, 77, 76, 75, 74, 73, 90, 71, 70, 69, 68, 67, 66, 65, 64, 100, 62, 61, 60, 59, 58, 40, 56, 55, 54, 53, 52, 51, 50]"
video_5884,"[85, 84, 83, 82, 81, 80, 48, 78, 77, 76, 79, 74, 73, 72, 71, 70, 69, 68, 67, 66, 65, 64, 75, 31, 30, 29, 28, 27, 26, 59, 24, 23, 22, 21, 14, 19, 18, 17, 16, 15, 25, 13, 12, 11, 10, 9, 8, 7, 6, 5, 4, 3, 2, 1, 32, 33, 34, 35, 36, 37, 38, 39, 40, 41, 42, 43, 44, 45, 46, 47, 63, 49, 50, 51, 52, 53, 54, 55, 56, 57, 58, 115, 20, 61, 62, 126, 125, 124, 123, 122, 121, 120, 119, 118, 117, 116, 60, 114, 113, 112, 111, 110, 109, 108, 107, 106, 105, 104, 103, 102, 101, 100, 99, 98, 97, 96, 86, 87, 88, 89, 90, 91, 92, 93, 94, 95]"
video_5885,"[60, 59, 58, 36, 56, 55, 53, 54, 57, 51, 50, 49, 48, 47, 46, 45, 44, 43, 82, 41, 40, 39, 37, 38, 52, 35, 34, 33, 32, 31, 1, 2, 3, 4, 5, 6, 7, 8, 9, 10, 11, 12, 13, 14, 15, 16, 17, 18, 19, 20, 21, 22, 23, 24, 25, 26, 42, 28, 29, 30, 91, 90, 89, 88, 87, 86, 85, 84, 83, 27, 81, 80, 79, 78, 77, 76, 75, 74, 73, 72, 71, 70, 69, 68, 66, 67, 65, 64, 63, 62, 61]"
video_5886,"[60, 59, 58, 57, 56, 55, 54, 53, 52, 72, 50, 49, 48, 47, 46, 45, 44, 43, 42, 41, 101, 100, 16, 98, 97, 96, 94, 95, 51, 92, 91, 90, 89, 88, 87, 86, 85, 84, 83, 82, 102, 103, 104, 105, 106, 107, 27, 109, 110, 111, 112, 11, 114, 115, 116, 117, 118, 119, 120, 121, 20, 19, 18, 17, 66, 15, 14, 13, 12, 113, 10, 9, 8, 7, 6, 5, 4, 3, 2, 1, 40, 39, 38, 37, 36, 35, 34, 33, 32, 31, 30, 29, 28, 99, 26, 25, 24, 23, 22, 21, 81, 80, 79, 78, 77, 76, 75, 74, 73, 93, 71, 70, 69, 68, 67, 108, 65, 64, 63, 62, 61]"
video_5887,"[68, 67, 66, 65, 64, 63, 62, 61, 115, 59, 58, 57, 1, 2, 3, 4, 5, 6, 7, 8, 9, 10, 11, 12, 13, 14, 15, 84, 17, 18, 19, 20, 21, 22, 23, 24, 25, 26, 27, 28, 29, 30, 31, 32, 33, 34, 16, 75, 37, 38, 39, 40, 41, 42, 43, 44, 45, 46, 47, 48, 49, 50, 51, 52, 104, 103, 102, 105, 56, 106, 55, 54, 107, 53, 108, 130, 109, 129, 99, 100, 101, 79, 80, 81, 82, 83, 35, 36, 86, 87, 88, 89, 90, 91, 92, 93, 94, 95, 96, 97, 98, 128, 78, 127, 111, 126, 125, 112, 113, 114, 116, 117, 118, 119, 120, 121, 122, 123, 124, 60, 131, 132, 133, 135, 134, 136, 137, 138, 139, 140, 141, 142, 143, 144, 145, 146, 148, 156, 150, 151, 152, 153, 154, 155, 149, 147, 157, 158, 159, 110, 77, 76, 85, 74, 73, 72, 71, 70, 69]"
video_5888,"[98, 48, 49, 86, 51, 52, 53, 54, 55, 56, 57, 58, 112, 60, 61, 62, 63, 64, 65, 66, 67, 92, 69, 70, 71, 72, 73, 74, 75, 76, 77, 78, 79, 80, 81, 82, 83, 84, 85, 68, 87, 88, 89, 90, 91, 50, 1, 2, 3, 4, 5, 6, 7, 8, 9, 10, 11, 12, 13, 14, 15, 16, 17, 18, 19, 20, 21, 22, 23, 24, 25, 26, 27, 28, 29, 30, 31, 32, 33, 34, 35, 36, 37, 38, 39, 40, 41, 42, 43, 44, 45, 46, 138, 137, 136, 135, 134, 133, 132, 131, 130, 129, 128, 127, 126, 125, 124, 123, 122, 121, 120, 47, 118, 119, 116, 115, 114, 113, 59, 111, 110, 109, 108, 107, 106, 105, 104, 103, 99, 100, 102, 101, 117, 97, 96, 95, 94, 93]"
video_5889,"[66, 67, 68, 69, 70, 71, 72, 73, 74, 75, 76, 77, 78, 79, 2, 81, 50, 51, 52, 53, 54, 55, 56, 57, 58, 59, 60, 61, 62, 63, 64, 65, 16, 15, 14, 13, 12, 11, 10, 48, 8, 7, 6, 5, 4, 3, 80, 1, 32, 31, 30, 29, 28, 27, 26, 25, 24, 23, 22, 21, 20, 19, 18, 17, 33, 34, 35, 36, 37, 38, 39, 40, 41, 42, 43, 44, 45, 46, 47, 9, 49]"
video_5890,"[21, 22, 23, 24, 25, 26, 27, 28, 29, 30, 31, 32, 33, 34, 35, 36, 37, 38, 39, 44, 61, 62, 63, 64, 82, 66, 67, 68, 86, 70, 71, 72, 73, 74, 65, 76, 77, 78, 79, 80, 1, 2, 3, 4, 5, 6, 7, 8, 9, 10, 11, 12, 13, 14, 15, 16, 17, 18, 19, 20, 41, 42, 43, 69, 45, 46, 47, 48, 49, 50, 51, 52, 53, 54, 55, 56, 57, 58, 59, 40, 101, 100, 99, 98, 97, 96, 60, 94, 93, 92, 91, 90, 89, 88, 87, 95, 85, 84, 83, 75, 81]"
video_5891,"[47, 46, 45, 44, 43, 42, 41, 40, 106, 38, 37, 36, 35, 33, 34, 32, 31, 30, 20, 28, 27, 26, 25, 24, 23, 69, 68, 67, 66, 65, 64, 63, 62, 61, 60, 59, 58, 57, 56, 55, 54, 53, 51, 50, 52, 49, 48, 70, 72, 71, 73, 74, 75, 76, 77, 78, 79, 80, 81, 82, 83, 84, 85, 8, 87, 88, 89, 90, 91, 22, 21, 29, 17, 18, 19, 16, 15, 39, 13, 86, 12, 10, 9, 11, 7, 6, 5, 4, 3, 2, 1, 92, 93, 94, 95, 96, 97, 98, 99, 100, 101, 102, 103, 104, 105, 14, 107, 108, 109, 110, 111, 112, 113]"
video_5892,"[37, 112, 111, 110, 109, 108, 107, 106, 99, 100, 101, 102, 118, 105, 104, 96, 97, 98, 95, 94, 93, 92, 91, 89, 90, 88, 87, 86, 85, 84, 83, 82, 81, 80, 79, 77, 78, 76, 75, 1, 132, 3, 4, 5, 6, 7, 8, 18, 10, 11, 12, 13, 24, 15, 16, 17, 103, 19, 21, 20, 22, 23, 113, 25, 26, 28, 27, 29, 30, 31, 32, 33, 34, 36, 35, 51, 74, 73, 71, 72, 70, 69, 14, 67, 66, 64, 65, 63, 62, 61, 60, 59, 58, 57, 56, 55, 54, 53, 52, 122, 50, 49, 48, 47, 46, 45, 44, 43, 42, 41, 40, 39, 38, 150, 149, 148, 147, 146, 145, 144, 9, 142, 141, 140, 139, 138, 137, 136, 135, 134, 133, 2, 131, 130, 129, 128, 127, 126, 125, 124, 123, 68, 121, 120, 119, 143, 117, 116, 115, 114]"
video_5893,"[50, 46, 47, 49, 48, 45, 44, 31, 72, 41, 40, 39, 38, 81, 36, 35, 34, 33, 84, 43, 30, 29, 32, 27, 26, 1, 2, 3, 4, 5, 6, 7, 8, 9, 10, 11, 12, 13, 14, 15, 16, 17, 18, 19, 20, 21, 22, 23, 24, 76, 25, 77, 78, 79, 80, 37, 82, 83, 28, 85, 86, 87, 88, 89, 90, 91, 92, 94, 95, 93, 96, 100, 99, 97, 98, 75, 74, 70, 73, 71, 42, 69, 68, 67, 66, 65, 64, 63, 62, 61, 60, 59, 58, 57, 56, 55, 54, 53, 52, 51]"
video_5894,"[136, 42, 38, 39, 40, 43, 44, 45, 46, 47, 101, 97, 98, 99, 100, 133, 37, 36, 35, 34, 33, 32, 31, 30, 29, 28, 27, 26, 25, 24, 23, 22, 21, 20, 19, 18, 17, 16, 141, 14, 13, 12, 11, 10, 9, 8, 7, 6, 5, 4, 3, 53, 1, 126, 127, 128, 129, 130, 131, 132, 82, 134, 135, 137, 138, 139, 140, 142, 143, 144, 145, 146, 147, 148, 149, 48, 41, 124, 96, 95, 93, 92, 91, 90, 89, 88, 86, 15, 85, 84, 83, 2, 81, 80, 79, 78, 102, 103, 104, 105, 106, 107, 108, 109, 110, 111, 112, 113, 114, 115, 116, 117, 118, 119, 87, 121, 122, 123, 120, 125, 49, 50, 51, 52, 94, 54, 55, 56, 57, 58, 59, 60, 61, 62, 63, 64, 65, 66, 67, 68, 69, 70, 71, 72, 73, 74, 75, 76, 77]"
video_5895,"[110, 111, 112, 113, 116, 115, 67, 117, 118, 119, 120, 121, 122, 123, 124, 114, 126, 127, 128, 129, 130, 131, 132, 133, 134, 135, 136, 81, 80, 79, 78, 77, 76, 75, 74, 73, 72, 71, 70, 69, 68, 6, 106, 65, 64, 63, 62, 61, 108, 59, 58, 57, 56, 55, 1, 2, 3, 4, 5, 125, 7, 8, 9, 10, 11, 12, 13, 14, 15, 16, 17, 18, 66, 20, 21, 22, 23, 24, 25, 26, 27, 28, 29, 30, 31, 32, 33, 34, 35, 36, 37, 38, 39, 40, 41, 42, 43, 44, 45, 46, 47, 48, 49, 50, 51, 52, 53, 54, 82, 83, 84, 85, 86, 87, 88, 89, 90, 91, 92, 93, 94, 95, 96, 97, 98, 99, 100, 101, 102, 103, 104, 105, 60, 107, 19, 109]"
video_5896,"[45, 46, 47, 48, 49, 75, 51, 52, 53, 54, 55, 56, 57, 58, 87, 60, 61, 62, 63, 64, 65, 66, 67, 68, 69, 50, 71, 72, 73, 74, 70, 76, 77, 78, 79, 80, 81, 82, 83, 84, 85, 86, 7, 88, 44, 43, 42, 41, 40, 39, 38, 59, 36, 35, 34, 33, 32, 31, 30, 29, 28, 27, 26, 25, 24, 23, 22, 21, 20, 19, 18, 17, 16, 15, 14, 13, 12, 11, 10, 9, 8, 37, 6, 5, 4, 3, 2, 1]"
video_5897,"[43, 44, 45, 46, 47, 48, 49, 50, 51, 52, 53, 54, 55, 56, 57, 58, 59, 60, 114, 62, 63, 64, 65, 66, 67, 68, 69, 70, 71, 72, 73, 74, 75, 76, 77, 78, 79, 80, 81, 82, 83, 84, 85, 86, 87, 88, 89, 90, 38, 92, 93, 94, 95, 96, 97, 98, 99, 100, 101, 102, 103, 104, 105, 106, 107, 108, 109, 110, 111, 112, 113, 61, 115, 116, 117, 118, 119, 120, 121, 122, 123, 124, 125, 126, 1, 2, 3, 4, 5, 6, 7, 8, 9, 10, 11, 91, 13, 14, 15, 16, 17, 18, 19, 12, 21, 22, 23, 24, 25, 26, 27, 28, 29, 30, 31, 32, 33, 34, 35, 36, 37, 20, 39, 40, 41, 42]"
video_5898,"[74, 73, 72, 71, 70, 69, 68, 67, 66, 65, 64, 63, 62, 61, 60, 59, 58, 57, 56, 55, 36, 53, 52, 51, 50, 49, 48, 47, 46, 45, 44, 90, 42, 41, 40, 39, 38, 37, 110, 35, 34, 33, 32, 31, 30, 29, 28, 27, 146, 145, 144, 143, 54, 141, 140, 139, 138, 137, 136, 135, 134, 133, 132, 131, 130, 129, 128, 127, 126, 125, 124, 123, 6, 100, 101, 8, 103, 104, 105, 106, 107, 108, 109, 102, 111, 112, 113, 117, 1, 2, 3, 4, 43, 24, 7, 142, 9, 10, 11, 12, 13, 14, 15, 16, 17, 18, 19, 20, 21, 22, 23, 5, 25, 26, 75, 76, 77, 78, 79, 80, 81, 82, 83, 84, 85, 86, 87, 88, 89, 114, 91, 92, 93, 94, 95, 96, 97, 98, 122, 121, 120, 119, 118, 99, 116, 115]"
video_5899,"[15, 16, 17, 18, 19, 20, 21, 22, 23, 24, 25, 26, 27, 28, 57, 58, 59, 60, 61, 62, 63, 64, 65, 66, 67, 68, 69, 70, 42, 8, 40, 39, 38, 37, 36, 35, 34, 33, 32, 31, 30, 29, 14, 13, 12, 11, 10, 9, 41, 7, 6, 5, 4, 3, 2, 1, 43, 44, 45, 46, 47, 48, 49, 50, 51, 52, 53, 54, 55, 56, 71, 72, 73, 74, 75, 76, 77, 78, 79, 80, 81, 82, 83, 84, 85, 86, 87]"
video_5900,"[54, 53, 52, 51, 50, 49, 48, 47, 46, 45, 3, 43, 42, 41, 40, 39, 100, 93, 102, 103, 111, 112, 113, 114, 115, 116, 119, 120, 57, 58, 56, 55, 59, 60, 61, 62, 33, 64, 65, 131, 130, 129, 128, 127, 126, 125, 124, 123, 122, 121, 118, 117, 110, 109, 104, 105, 106, 107, 108, 99, 94, 95, 101, 88, 84, 63, 96, 97, 98, 92, 91, 90, 87, 86, 85, 83, 44, 81, 80, 79, 13, 12, 11, 10, 9, 8, 7, 6, 5, 4, 30, 1, 2, 14, 15, 16, 17, 18, 19, 20, 21, 22, 23, 24, 25, 26, 27, 28, 29, 82, 31, 32, 89, 34, 35, 36, 37, 38, 78, 77, 76, 75, 74, 73, 72, 71, 70, 69, 68, 67, 66]"
video_5901,"[115, 114, 113, 112, 111, 106, 109, 108, 107, 52, 105, 104, 103, 102, 101, 100, 99, 98, 62, 59, 95, 94, 93, 92, 91, 90, 89, 88, 87, 68, 69, 70, 71, 72, 73, 74, 75, 38, 77, 78, 79, 80, 81, 82, 83, 84, 29, 30, 31, 32, 33, 34, 35, 36, 37, 42, 39, 40, 41, 110, 43, 44, 45, 46, 47, 48, 49, 50, 51, 54, 53, 76, 55, 56, 85, 86, 67, 66, 65, 64, 63, 57, 61, 60, 97, 58, 96, 28, 27, 26, 25, 24, 23, 22, 21, 20, 19, 18, 17, 16, 15, 14, 13, 12, 11, 10, 9, 8, 7, 6, 5, 4, 3, 2, 1, 143, 142, 141, 140, 139, 138, 137, 136, 135, 134, 133, 132, 131, 130, 129, 128, 127, 126, 125, 124, 123, 122, 121, 120, 119, 118, 117, 116]"
video_5902,"[1, 2, 3, 4, 5, 6, 7, 63, 9, 10, 11, 12, 13, 14, 15, 16, 17, 18, 19, 20, 21, 22, 23, 24, 25, 26, 27, 28, 29, 30, 31, 32, 33, 34, 35, 36, 37, 38, 62, 40, 41, 42, 43, 44, 45, 46, 47, 48, 49, 50, 51, 52, 53, 54, 55, 56, 57, 58, 59, 60, 61, 69, 8, 64, 65, 66, 67, 68, 39, 70, 71, 72, 73, 74, 75]"
video_5903,"[76, 77, 104, 79, 70, 81, 82, 83, 84, 85, 86, 40, 41, 42, 43, 44, 109, 46, 47, 48, 49, 50, 25, 24, 23, 22, 21, 20, 19, 18, 17, 16, 15, 14, 13, 12, 11, 10, 9, 8, 7, 6, 5, 4, 3, 2, 1, 103, 99, 98, 97, 96, 95, 94, 93, 92, 91, 90, 89, 88, 87, 39, 38, 37, 36, 35, 34, 33, 32, 31, 30, 29, 28, 27, 26, 51, 52, 45, 54, 55, 56, 57, 100, 59, 60, 61, 62, 63, 64, 65, 66, 67, 68, 69, 53, 71, 72, 73, 74, 75, 101, 102, 78, 58, 105, 106, 107, 108, 80, 110, 111, 112, 113, 114, 115, 116, 117, 119, 118, 120, 121, 122, 123, 124, 125, 126, 127, 128]"
video_5904,"[46, 45, 44, 43, 42, 41, 40, 39, 38, 37, 36, 35, 34, 33, 32, 31, 30, 29, 28, 27, 26, 25, 69, 70, 71, 72, 73, 74, 75, 76, 77, 78, 79, 80, 81, 50, 82, 84, 2, 86, 87, 88, 89, 90, 68, 67, 66, 65, 64, 63, 85, 61, 60, 59, 58, 57, 56, 55, 54, 53, 52, 51, 83, 49, 47, 48, 1, 5, 3, 4, 62, 6, 7, 8, 10, 9, 11, 12, 13, 14, 15, 16, 17, 19, 20, 18, 22, 21, 23, 24]"
video_5905,"[54, 53, 52, 51, 50, 49, 48, 47, 46, 45, 44, 43, 42, 4, 40, 39, 38, 37, 36, 70, 34, 33, 32, 31, 30, 29, 28, 27, 26, 79, 78, 77, 71, 75, 74, 73, 72, 41, 101, 69, 68, 67, 66, 65, 64, 63, 62, 35, 60, 59, 58, 57, 56, 55, 129, 128, 127, 126, 125, 124, 123, 122, 121, 120, 119, 118, 117, 116, 115, 114, 113, 112, 110, 111, 109, 108, 107, 106, 105, 80, 81, 82, 83, 84, 85, 86, 87, 88, 89, 90, 91, 92, 93, 94, 95, 96, 97, 98, 99, 100, 11, 102, 103, 104, 1, 2, 3, 76, 5, 6, 7, 8, 9, 10, 61, 12, 13, 14, 15, 16, 17, 18, 19, 20, 21, 22, 23, 24, 25]"
video_5906,"[98, 97, 96, 95, 94, 93, 92, 91, 90, 89, 88, 87, 86, 85, 84, 83, 104, 81, 80, 79, 78, 77, 76, 82, 24, 23, 116, 21, 20, 19, 18, 17, 16, 15, 14, 13, 12, 11, 10, 9, 8, 7, 6, 5, 4, 3, 2, 1, 99, 100, 101, 102, 103, 37, 105, 106, 107, 108, 109, 110, 111, 112, 113, 114, 115, 28, 117, 118, 119, 120, 121, 122, 48, 47, 46, 45, 44, 43, 42, 41, 40, 39, 38, 75, 36, 35, 34, 33, 32, 31, 30, 29, 22, 27, 26, 25, 49, 50, 51, 52, 53, 54, 55, 56, 57, 58, 59, 60, 61, 62, 63, 64, 65, 66, 67, 68, 69, 70, 71, 72, 73, 74]"
